date,year,month,decade,gas_ppi,gas_index_2024base,mom_pct,yoy_pct,rolling_vol_12m,shock,direction,event
1967-01-01,1967,1,1960,7.4,10.159892451588915,,,,False,flat,
1967-02-01,1967,2,1960,7.4,10.159892451588915,0.0,,,False,flat,
1967-03-01,1967,3,1960,7.4,10.159892451588915,0.0,,,False,flat,
1967-04-01,1967,4,1960,7.5,10.297188295529306,1.3513513513513375,,,False,up,
1967-05-01,1967,5,1960,7.5,10.297188295529306,0.0,,,False,flat,
1967-06-01,1967,6,1960,7.4,10.159892451588915,-1.3333333333333308,,,False,down,
1967-07-01,1967,7,1960,7.5,10.297188295529306,1.3513513513513375,,,False,up,
1967-08-01,1967,8,1960,7.5,10.297188295529306,0.0,,,False,flat,
1967-09-01,1967,9,1960,7.5,10.297188295529306,0.0,,,False,flat,
1967-10-01,1967,10,1960,7.5,10.297188295529306,0.0,,,False,flat,
1967-11-01,1967,11,1960,7.5,10.297188295529306,0.0,,,False,flat,
1967-12-01,1967,12,1960,7.5,10.297188295529306,0.0,,,False,flat,
1968-01-01,1968,1,1960,7.5,10.297188295529306,0.0,1.3513513513513375,0.6924143763866049,False,flat,
1968-02-01,1968,2,1960,7.6,10.434484139469696,1.3333333333333197,2.7027027027026973,0.7745461826843957,False,up,
1968-03-01,1968,3,1960,7.6,10.434484139469696,0.0,2.7027027027026973,0.7745461826843957,False,flat,
1968-04-01,1968,4,1960,7.6,10.434484139469696,0.0,1.3333333333333197,0.6895009278206786,False,flat,
1968-05-01,1968,5,1960,7.6,10.434484139469696,0.0,1.3333333333333197,0.6895009278206786,False,flat,
1968-06-01,1968,6,1960,7.6,10.434484139469696,0.0,2.7027027027026973,0.5225201690665878,False,flat,
1968-07-01,1968,7,1960,7.6,10.434484139469696,0.0,1.3333333333333197,0.3849001794597466,False,flat,
1968-08-01,1968,8,1960,7.6,10.434484139469696,0.0,1.3333333333333197,0.3849001794597466,False,flat,
1968-09-01,1968,9,1960,7.6,10.434484139469696,0.0,1.3333333333333197,0.3849001794597466,False,flat,
1968-10-01,1968,10,1960,7.6,10.434484139469696,0.0,1.3333333333333197,0.3849001794597466,False,flat,
1968-11-01,1968,11,1960,7.6,10.434484139469696,0.0,1.3333333333333197,0.3849001794597466,False,flat,
1968-12-01,1968,12,1960,7.7,10.571779983410087,1.3157894736842257,2.6666666666666616,0.5155983943025381,False,up,
1969-01-01,1969,1,1960,7.6,10.434484139469696,-1.2987012987013102,1.3333333333333197,0.6771420507549961,False,down,
1969-02-01,1969,2,1960,7.7,10.571779983410087,1.3157894736842257,1.3157894736842257,0.6742795508184918,False,up,
1969-03-01,1969,3,1960,7.7,10.571779983410087,0.0,1.3157894736842257,0.6742795508184918,False,flat,
1969-04-01,1969,4,1960,7.7,10.571779983410087,0.0,1.3157894736842257,0.6742795508184918,False,flat,
1969-05-01,1969,5,1960,7.7,10.571779983410087,0.0,1.3157894736842257,0.6742795508184918,False,flat,
1969-06-01,1969,6,1960,7.7,10.571779983410087,0.0,1.3157894736842257,0.6742795508184918,False,flat,
1969-07-01,1969,7,1960,7.7,10.571779983410087,0.0,1.3157894736842257,0.6742795508184918,False,flat,
1969-08-01,1969,8,1960,7.8,10.709075827350476,1.298701298701288,2.6315789473684292,0.754306024119978,False,up,
1969-09-01,1969,9,1960,7.7,10.571779983410087,-1.2820512820512775,1.3157894736842257,0.8700961676804675,False,down,
1969-10-01,1969,10,1960,7.8,10.709075827350476,1.298701298701288,2.6315789473684292,0.9333082980118494,False,up,
1969-11-01,1969,11,1960,7.8,10.709075827350476,0.0,2.6315789473684292,0.9333082980118494,False,flat,
1969-12-01,1969,12,1960,7.8,10.709075827350476,0.0,1.298701298701288,0.8679591022865418,False,flat,
1970-01-01,1970,1,1970,7.8,10.709075827350476,0.0,2.6315789473684292,0.7490174817549919,False,flat,
1970-02-01,1970,2,1970,7.8,10.709075827350476,0.0,1.298701298701288,0.6655637751064278,False,flat,
1970-03-01,1970,3,1970,7.9,10.846371671290868,1.2820512820512997,2.5974025974025983,0.744577534377679,False,up,
1970-04-01,1970,4,1970,7.9,10.846371671290868,0.0,2.5974025974025983,0.744577534377679,False,flat,
1970-05-01,1970,5,1970,7.9,10.846371671290868,0.0,2.5974025974025983,0.744577534377679,False,flat,
1970-06-01,1970,6,1970,7.9,10.846371671290868,0.0,2.5974025974025983,0.744577534377679,False,flat,
1970-07-01,1970,7,1970,7.9,10.846371671290868,0.0,2.5974025974025983,0.744577534377679,False,flat,
1970-08-01,1970,8,1970,7.9,10.846371671290868,0.0,1.2820512820512997,0.6628714364766697,False,flat,
1970-09-01,1970,9,1970,7.9,10.846371671290868,0.0,2.5974025974025983,0.5022908335485647,False,flat,
1970-10-01,1970,10,1970,7.9,10.846371671290868,0.0,1.2820512820512997,0.37009632640361134,False,flat,
1970-11-01,1970,11,1970,8.0,10.983667515231259,1.2658227848101111,2.564102564102577,0.4958913881546189,False,up,
1970-12-01,1970,12,1970,8.2,11.25825920311204,2.499999999999991,5.128205128205132,0.8186765056227868,False,up,
1971-01-01,1971,1,1970,8.1,11.120963359171649,-1.2195121951219523,3.8461538461538547,0.942038887506656,False,down,
1971-02-01,1971,2,1970,8.2,11.25825920311204,1.2345679012345734,5.128205128205132,0.9709988243286939,False,up,
1971-03-01,1971,3,1970,8.3,11.395555047052431,1.2195121951219745,5.063291139240511,0.9661181132218405,False,up,
1971-04-01,1971,4,1970,8.4,11.532850890992822,1.2048192771084265,6.329113924050622,0.9813606268847691,False,up,
1971-05-01,1971,5,1970,8.4,11.532850890992822,0.0,6.329113924050622,0.9813606268847691,False,flat,
1971-06-01,1971,6,1970,8.4,11.532850890992822,0.0,6.329113924050622,0.9813606268847691,False,flat,
1971-07-01,1971,7,1970,8.4,11.532850890992822,0.0,6.329113924050622,0.9813606268847691,False,flat,
1971-08-01,1971,8,1970,8.5,11.670146734933212,1.1904761904761862,7.594936708860756,0.9845023565420911,False,up,
1971-09-01,1971,9,1970,8.6,11.807442578873603,1.17647058823529,8.860759493670866,0.9760915587509317,False,up,
1971-10-01,1971,10,1970,8.6,11.807442578873603,0.0,8.860759493670866,0.9760915587509317,False,flat,
1971-11-01,1971,11,1970,8.6,11.807442578873603,0.0,7.499999999999996,0.9794683620778394,False,flat,
1971-12-01,1971,12,1970,8.7,11.944738422813993,1.1627906976744207,6.0975609756097615,0.805343636294302,False,up,
1972-01-01,1972,1,1970,8.7,11.944738422813993,0.0,7.407407407407396,0.6259524538329267,False,flat,
1972-02-01,1972,2,1970,8.7,11.944738422813993,0.0,6.0975609756097615,0.6133331841425701,False,flat,
1972-03-01,1972,3,1970,8.8,12.082034266754386,1.1494252873563315,6.024096385542177,0.6061100314116928,False,up,
1972-04-01,1972,4,1970,8.9,12.219330110694775,1.1363636363636243,5.952380952380953,0.5990551151661948,False,up,
1972-05-01,1972,5,1970,9.0,12.356625954635165,1.1235955056179803,7.14285714285714,0.6042086290777523,False,up,
1972-06-01,1972,6,1970,9.0,12.356625954635165,0.0,7.14285714285714,0.6042086290777523,False,flat,
1972-07-01,1972,7,1970,9.0,12.356625954635165,0.0,7.14285714285714,0.6042086290777523,False,flat,
1972-08-01,1972,8,1970,9.1,12.493921798575556,1.1111111111111072,7.058823529411762,0.5972927946990022,False,up,
1972-09-01,1972,9,1970,9.2,12.631217642515946,1.098901098901095,6.976744186046502,0.5905336037675871,False,up,
1972-10-01,1972,10,1970,9.3,12.76851348645634,1.0869565217391353,8.139534883720945,0.57921502179207,False,up,
1972-11-01,1972,11,1970,9.4,12.905809330396728,1.0752688172043001,9.302325581395365,0.5510322872965429,False,up,
1972-12-01,1972,12,1970,9.4,12.905809330396728,0.0,8.045977011494276,0.5727652211030356,False,flat,
1973-01-01,1973,1,1970,9.3,12.76851348645634,-1.0638297872340385,6.896551724137945,0.7401352982781706,False,down,
1973-02-01,1973,2,1970,9.4,12.905809330396728,1.0752688172043001,8.045977011494276,0.7312349593518059,False,up,
1973-03-01,1973,3,1970,9.4,12.905809330396728,0.0,6.818181818181812,0.7350570224971885,False,flat,
1973-04-01,1973,4,1970,9.5,13.04310517433712,1.0638297872340496,6.741573033707859,0.7301111314500423,False,up,
1973-05-01,1973,5,1970,9.6,13.18040101827751,1.0526315789473717,6.666666666666665,0.7252930544403663,False,up,
1973-06-01,1973,6,1970,9.7,13.3176968622179,1.041666666666674,7.777777777777772,0.716855569498358,False,up,
1973-07-01,1973,7,1970,9.8,13.454992706158292,1.030927835051565,8.888888888888902,0.6961650002686616,False,up,
1973-08-01,1973,8,1970,10.0,13.729584394039074,2.0408163265306145,9.8901098901099,0.7897689248352251,False,up,
1973-09-01,1973,9,1970,10.1,13.866880237979466,1.0000000000000009,9.782608695652172,0.7867839800973119,False,up,
1973-10-01,1973,10,1970,10.1,13.866880237979466,0.0,8.602150537634401,0.8108877228846054,False,flat,oil_embargo_1973
1973-11-01,1973,11,1970,10.1,13.866880237979466,0.0,7.446808510638281,0.8241139119981998,False,flat,oil_embargo_1973
1973-12-01,1973,12,1970,10.6,14.553359457681417,4.950495049504955,12.765957446808507,1.4759046443173927,False,up,oil_embargo_1973
1974-01-01,1974,1,1970,10.5,14.416063613741025,-0.9433962264150941,12.903225806451601,1.460808510260903,False,down,oil_embargo_1973
1974-02-01,1974,2,1970,10.8,14.827951145562201,2.857142857142869,14.893617021276606,1.5538682660325185,False,up,oil_embargo_1973
1974-03-01,1974,3,1970,11.0,15.10254283344298,1.8518518518518379,17.021276595744684,1.5181661484696503,False,up,oil_embargo_1973
1974-04-01,1974,4,1970,11.1,15.239838677383371,0.9090909090909038,16.84210526315788,1.5212755889814795,False,up,oil_embargo_1973
1974-05-01,1974,5,1970,11.2,15.377134521323763,0.9009009009008917,16.666666666666675,1.5242905909560043,False,up,oil_embargo_1973
1974-06-01,1974,6,1970,11.3,15.514430365264154,0.8928571428571619,16.49484536082475,1.5272150312661144,False,up,oil_embargo_1973
1974-07-01,1974,7,1970,11.4,15.651726209204545,0.8849557522123908,16.326530612244895,1.5300525856358131,False,up,
1974-08-01,1974,8,1970,11.5,15.789022053144935,0.8771929824561431,14.999999999999991,1.5141539106926691,False,up,
1974-09-01,1974,9,1970,11.9,16.338205428906498,3.4782608695652195,17.821782178217838,1.6500236749539219,False,up,
1974-10-01,1974,10,1970,12.1,16.612797116787277,1.680672268907557,19.8019801980198,1.5917727461850686,False,up,
1974-11-01,1974,11,1970,12.9,17.711163868310408,6.6115702479338845,27.722772277227726,2.0830893733976756,True,up,
1974-12-01,1974,12,1970,13.1,17.985755556191187,1.5503875968992276,23.584905660377366,1.8782115465671672,False,up,
1975-01-01,1975,1,1970,13.5,18.534938931952748,3.053435114503822,28.57142857142858,1.6935824329288314,False,up,
1975-02-01,1975,2,1970,14.2,19.496009839535482,5.185185185185182,31.481481481481467,1.9047486088634622,True,up,
1975-03-01,1975,3,1970,14.2,19.496009839535482,0.0,29.09090909090908,2.0180418067859915,False,flat,
1975-04-01,1975,4,1970,15.4,21.143559966820174,8.450704225352123,38.738738738738746,2.6617592299220236,True,up,
1975-05-01,1975,5,1970,16.6,22.791110094104862,7.792207792207795,48.214285714285744,2.943892699612184,True,up,
1975-06-01,1975,6,1970,16.4,22.51651840622408,-1.2048192771084487,45.13274336283184,3.158879079736674,False,down,
1975-07-01,1975,7,1970,17.0,23.340293469866424,3.658536585365857,49.122807017543856,3.0747070171125537,False,up,
1975-08-01,1975,8,1970,16.7,22.928405938045252,-1.764705882352946,45.21739130434781,3.3556847794190934,False,down,
1975-09-01,1975,9,1970,17.1,23.477589313806817,2.3952095808383422,43.69747899159664,3.362302200687181,False,up,
1975-10-01,1975,10,1970,17.1,23.477589313806817,0.0,41.322314049586794,3.461139174079824,False,flat,
1975-11-01,1975,11,1970,16.9,23.20299762592603,-1.1695906432748648,31.007751937984484,3.4472349316511957,False,down,
1975-12-01,1975,12,1970,17.9,24.57595606532994,5.9171597633136175,36.6412213740458,3.585302896614605,True,up,
1976-01-01,1976,1,1970,17.7,24.301364377449158,-1.1173184357541888,31.11111111111111,3.7457311286905832,False,down,
1976-02-01,1976,2,1970,17.6,24.16406853350877,-0.5649717514124131,23.943661971831,3.717084701648182,False,down,
1976-03-01,1976,3,1970,18.6,25.53702697291268,5.681818181818188,30.985915492957773,3.8182786809133704,True,up,
1976-04-01,1976,4,1970,19.2,26.36080203655502,3.2258064516129004,24.675324675324674,3.3239589255355058,False,up,
1976-05-01,1976,5,1970,19.4,26.6353937244358,1.041666666666674,16.86746987951806,2.7603091944582467,False,up,
1976-06-01,1976,6,1970,20.4,28.008352163839707,5.154639175257736,24.390243902439025,2.8364125745128663,True,up,
1976-07-01,1976,7,1970,20.8,28.557535539601275,1.9607843137255054,22.352941176470598,2.780973421912221,False,up,
1976-08-01,1976,8,1970,22.0,30.20508566688596,5.769230769230771,31.73652694610778,2.770686156105263,True,up,
1976-09-01,1976,9,1970,22.0,30.20508566688596,0.0,28.654970760233912,2.8528102271497655,False,flat,
1976-10-01,1976,10,1970,26.6,36.52069448814393,20.90909090909092,55.55555555555556,6.0304265689927945,True,up,
1976-11-01,1976,11,1970,30.5,41.875232401819176,14.661654135338331,80.4733727810651,6.531262636916478,True,up,
1976-12-01,1976,12,1970,26.9,36.9325820199651,-11.8032786885246,50.27932960893855,8.159590934006392,True,down,
1977-01-01,1977,1,1970,24.7,33.912073453276506,-8.17843866171003,39.54802259887005,8.773487401494691,True,down,
1977-02-01,1977,2,1970,28.7,39.40390721089214,16.194331983805665,63.06818181818179,9.436391237920962,True,up,
1977-03-01,1977,3,1970,29.3,40.22768227453449,2.0905923344947785,57.5268817204301,9.45421293837797,False,up,
1977-04-01,1977,4,1970,30.2,41.463344869998,3.0716723549488067,57.29166666666667,9.455838691314959,False,up,
1977-05-01,1977,5,1970,31.4,43.11089499728269,3.9735099337748325,61.855670103092784,9.403437702504183,False,up,
1977-06-01,1977,6,1970,30.6,42.01252824575957,-2.547770700636931,50.00000000000002,9.613994327833057,False,down,
1977-07-01,1977,7,1970,31.0,42.56171162152113,1.3071895424836555,49.03846153846154,9.627461496340521,False,up,
1977-08-01,1977,8,1970,32.0,43.934670060925036,3.2258064516129004,45.45454545454546,9.607839521370268,False,up,
1977-09-01,1977,9,1970,32.3,44.34655759274621,0.9374999999999911,46.818181818181806,9.57989486006207,False,up,
1977-10-01,1977,10,1970,32.3,44.34655759274621,0.0,21.42857142857142,7.912463639313579,False,flat,
1977-11-01,1977,11,1970,33.1,45.44492434426933,2.4767801857585203,8.52459016393443,6.836052692603274,False,up,
1977-12-01,1977,12,1970,33.9,46.543291095792455,2.4169184290030232,26.02230483271375,5.545250684342025,False,up,
1978-01-01,1978,1,1970,33.7,46.268699407911676,-0.5899705014749124,36.437246963562764,4.625345823235783,False,down,natgas_policy_act_1978
1978-02-01,1978,2,1970,33.8,46.40599525185206,0.2967359050444873,17.77003484320556,1.8675321019656428,False,up,natgas_policy_act_1978
1978-03-01,1978,3,1970,34.9,47.916249535196364,3.2544378698224907,19.11262798634812,1.9362789769198896,False,up,natgas_policy_act_1978
1978-04-01,1978,4,1970,35.6,48.8773204427791,2.005730659025806,17.88079470198676,1.8805314395229196,False,up,natgas_policy_act_1978
1978-05-01,1978,5,1970,35.8,49.15191213065988,0.561797752808979,14.012738853503182,1.7052194104701002,False,up,natgas_policy_act_1978
1978-06-01,1978,6,1970,36.6,50.25027888218301,2.2346368715083997,19.6078431372549,1.2772493401124587,False,up,natgas_policy_act_1978
1978-07-01,1978,7,1970,37.1,50.93675810188496,1.3661202185792254,19.67741935483871,1.2765090986759067,False,up,natgas_policy_act_1978
1978-08-01,1978,8,1970,36.8,50.52487057006378,-0.8086253369272378,14.999999999999991,1.3157986202446168,False,down,natgas_policy_act_1978
1978-09-01,1978,9,1970,37.7,51.76053316552731,2.44565217391306,16.718266253869984,1.36182053833935,False,up,natgas_policy_act_1978
1978-10-01,1978,10,1970,37.8,51.897829009467685,0.2652519893899141,17.02786377708978,1.3407014853762398,False,up,natgas_policy_act_1978
1978-11-01,1978,11,1970,38.5,52.85889991705043,1.85185185185186,16.31419939577039,1.3036092654781102,False,up,natgas_policy_act_1978
1978-12-01,1978,12,1970,39.6,54.36915420039473,2.857142857142869,16.814159292035402,1.3442259465419315,False,up,natgas_policy_act_1978
1979-01-01,1979,1,1970,40.6,55.742112639798634,2.5252525252525304,20.4747774480712,1.2403749578131553,False,up,iran_crisis_1979
1979-02-01,1979,2,1970,41.7,57.25236692314294,2.7093596059113434,23.372781065088777,1.2101569666882865,False,up,iran_crisis_1979
1979-03-01,1979,3,1970,43.0,59.03721289436802,3.1175059952038398,23.209169054441258,1.1954681748813847,False,up,iran_crisis_1979
1979-04-01,1979,4,1970,43.4,59.58639627012957,0.9302325581395321,21.91011235955056,1.2155962981295483,False,up,iran_crisis_1979
1979-05-01,1979,5,1970,46.4,63.7052715883413,6.912442396313367,29.60893854748603,1.8861093389417662,True,up,iran_crisis_1979
1979-06-01,1979,6,1970,47.0,64.52904665198365,1.2931034482758674,28.415300546448073,1.9040614841869103,False,up,iran_crisis_1979
1979-07-01,1979,7,1970,47.9,65.76470924744716,1.9148936170212627,29.11051212938005,1.8907977217111616,False,up,iran_crisis_1979
1979-08-01,1979,8,1970,49.6,68.09873859443381,3.549060542797511,34.78260869565219,1.6731097942813271,False,up,iran_crisis_1979
1979-09-01,1979,9,1970,51.7,70.98195131718201,4.233870967741948,37.13527851458886,1.7429948870112901,False,up,iran_crisis_1979
1979-10-01,1979,10,1970,52.6,72.21761391264553,1.740812379110257,39.153439153439166,1.6036315684457867,False,up,iran_crisis_1979
1979-11-01,1979,11,1970,53.1,72.90409313234748,0.9505703422053147,37.92207792207793,1.6718804319357201,False,up,iran_crisis_1979
1979-12-01,1979,12,1970,54.9,75.37541832327452,3.3898305084745672,38.636363636363626,1.6826623109118004,False,up,iran_crisis_1979
1980-01-01,1980,1,1980,55.1,75.6500100111553,0.36429872495447047,35.71428571428572,1.8214113327433958,False,up,iran_crisis_1979
1980-02-01,1980,2,1980,58.3,80.0434770172478,5.807622504537191,39.8081534772182,2.045358990896601,True,up,iran_crisis_1979
1980-03-01,1980,3,1980,58.2,79.90618117330742,-0.17152658662091813,35.34883720930233,2.2192820166684104,False,down,iran_crisis_1979
1980-04-01,1980,4,1980,59.7,81.96561883241327,2.577319587628857,37.557603686635964,2.1583207785913823,False,up,iran_crisis_1979
1980-05-01,1980,5,1980,61.0,83.75046480363835,2.1775544388609624,31.465517241379317,1.7064030925382294,False,up,iran_crisis_1979
1980-06-01,1980,6,1980,61.6,84.5742398672807,0.9836065573770592,31.063829787234056,1.725549340682006,False,up,iran_crisis_1979
1980-07-01,1980,7,1980,63.3,86.90826921426734,2.759740259740262,32.15031315240082,1.7259479054771538,False,up,iran_crisis_1979
1980-08-01,1980,8,1980,64.9,89.1050027173136,2.527646129541883,30.8467741935484,1.6869131800863248,False,up,iran_crisis_1979
1980-09-01,1980,9,1980,66.8,91.71362375218101,2.9275808936825687,29.206963249516438,1.5885363568588062,False,up,iran_crisis_1979
1980-10-01,1980,10,1980,68.6,94.18494894310804,2.6946107784431073,30.418250950570336,1.5889938155675345,False,up,iran_crisis_1979
1980-11-01,1980,11,1980,70.5,96.79356997797547,2.76967930029155,32.76836158192089,1.5398665846526494,False,up,iran_crisis_1979
1980-12-01,1980,12,1980,71.3,97.89193672949858,1.134751773049647,29.872495446265933,1.5457678277573679,False,up,iran_crisis_1979
1981-01-01,1981,1,1980,72.2,99.12759932496212,1.2622720897615736,31.034482758620683,1.4679248510609795,False,up,iran_crisis_1979
1981-02-01,1981,2,1980,75.1,103.10917879923342,4.016620498614953,28.8164665523156,1.12953654963541,False,up,iran_crisis_1979
1981-03-01,1981,3,1980,76.0,104.34484139469696,1.1984021304926928,30.584192439862544,0.9256957917492025,False,up,iran_crisis_1979
1981-04-01,1981,4,1980,77.6,106.5415748977432,2.105263157894721,29.983249581239523,0.9206531218404449,False,up,iran_crisis_1979
1981-05-01,1981,5,1980,80.8,110.93504190383572,4.123711340206193,32.45901639344262,1.0726770926757963,False,up,iran_crisis_1979
1981-06-01,1981,6,1980,83.6,114.77932553416666,3.4653465346534684,35.7142857142857,1.0177969874753294,False,up,iran_crisis_1979
1981-07-01,1981,7,1980,86.1,118.21172163267642,2.9904306220095656,36.01895734597156,1.0236185567390998,False,up,iran_crisis_1979
1981-08-01,1981,8,1980,83.8,115.05391722204743,-2.6713124274099886,29.121725731895197,1.8357299831654228,False,down,iran_crisis_1979
1981-09-01,1981,9,1980,86.9,119.31008838419956,3.699284009546555,30.08982035928145,1.8777892279440427,False,up,iran_crisis_1979
1981-10-01,1981,10,1980,85.4,117.25065072509369,-1.7261219792865323,24.489795918367374,2.187046408748509,False,down,iran_crisis_1979
1981-11-01,1981,11,1980,87.3,119.85927175996112,2.2248243559718883,23.82978723404254,2.172140166769471,False,up,iran_crisis_1979
1981-12-01,1981,12,1980,90.2,123.84085123423245,3.3218785796105488,26.507713884993002,2.2011070329371747,False,up,iran_crisis_1979
1982-01-01,1982,1,1980,89.8,123.29166785847087,-0.44345898004435336,24.376731301939046,2.3057319182638842,False,down,
1982-02-01,1982,2,1980,91.2,125.21380967363636,1.5590200445434466,21.438082556591233,2.203519057976178,False,up,
1982-03-01,1982,3,1980,93.5,128.37161408426533,2.5219298245614086,23.026315789473696,2.21175323020942,False,up,
1982-04-01,1982,4,1980,95.0,130.4310517433712,1.6042780748663166,22.422680412371143,2.2094578580844,False,up,
1982-05-01,1982,5,1980,96.9,133.03967277823864,2.0000000000000018,19.925742574257434,2.080953050239596,False,up,
1982-06-01,1982,6,1980,99.7,136.88395640856956,2.8895768833849367,19.25837320574164,2.0388752937628065,False,up,
1982-07-01,1982,7,1980,102.0,140.04176081919854,2.306920762286868,18.466898954703836,2.002602002008804,False,up,
1982-08-01,1982,8,1980,102.8,141.1401275707217,0.7843137254901933,22.67303102625298,1.5562938813865792,False,up,
1982-09-01,1982,9,1980,105.3,144.57252366923143,2.4319066147859836,21.17376294591484,1.4497519732517614,False,up,
1982-10-01,1982,10,1980,104.4,143.33686107376792,-0.8547008547008517,22.248243559718972,1.2784517006440859,False,down,
1982-11-01,1982,11,1980,109.8,150.75083664654903,5.1724137931034475,25.773195876288657,1.6254595893502954,True,up,
1982-12-01,1982,12,1980,109.5,150.33894911472785,-0.2732240437158473,21.39689578713968,1.678295995087657,False,down,
1983-01-01,1983,1,1980,106.5,146.22007379651615,-2.73972602739726,18.596881959910917,2.0314014287118343,False,down,deregulation_1983
1983-02-01,1983,2,1980,107.7,147.8676239238008,1.1267605633802802,18.092105263157897,2.033128628848175,False,up,deregulation_1983
1983-03-01,1983,3,1980,111.0,152.3983867738337,3.064066852367686,18.71657754010696,2.0657428849314905,False,up,deregulation_1983
1983-04-01,1983,4,1980,108.0,148.27951145562199,-2.7027027027026973,13.684210526315788,2.38739770710288,False,down,deregulation_1983
1983-05-01,1983,5,1980,107.4,147.45573639197966,-0.5555555555555536,10.83591331269349,2.413698764836271,False,down,deregulation_1983
1983-06-01,1983,6,1980,107.5,147.59303223592005,0.09310986964616852,7.823470411233702,2.3365950459361478,False,up,deregulation_1983
1983-07-01,1983,7,1980,106.2,145.80818626469497,-1.2093023255813962,4.117647058823537,2.3309994367599076,False,down,deregulation_1983
1983-08-01,1983,8,1980,106.0,145.53359457681418,-0.18832391713747842,3.112840466926081,2.331868893760834,False,down,deregulation_1983
1983-09-01,1983,9,1980,106.5,146.22007379651615,0.4716981132075526,1.139601139601143,2.234057159806577,False,up,deregulation_1983
1983-10-01,1983,10,1980,103.5,142.1011984783044,-2.8169014084507005,-0.8620689655172487,2.3787700351894565,False,down,deregulation_1983
1983-11-01,1983,11,1980,103.9,142.65038185406598,0.38647342995170586,-5.373406193078312,1.7395375970316946,False,up,deregulation_1983
1983-12-01,1983,12,1980,104.7,143.7487486055891,0.7699711260827691,-4.383561643835609,1.774631640364062,False,up,deregulation_1983
1984-01-01,1984,1,1980,105.6,144.9844112010526,0.8595988538681931,-0.8450704225352212,1.6341660055887153,False,up,deregulation_1983
1984-02-01,1984,2,1980,105.5,144.84711535711224,-0.09469696969696129,-2.042711234911798,1.5911060586092838,False,down,deregulation_1983
1984-03-01,1984,3,1980,103.1,141.55201510254284,-2.274881516587679,-7.117117117117122,1.3330850730733075,False,down,deregulation_1983
1984-04-01,1984,4,1980,104.8,143.8860444495295,1.6488845780795458,-2.9629629629629672,1.302130573463047,False,up,deregulation_1983
1984-05-01,1984,5,1980,105.6,144.9844112010526,0.7633587786259444,-1.6759776536312998,1.3286956986619305,False,up,deregulation_1983
1984-06-01,1984,6,1980,106.4,146.08277795257573,0.7575757575757791,-1.023255813953483,1.3525870495527887,False,up,deregulation_1983
1984-07-01,1984,7,1980,107.3,147.31844054803923,0.8458646616541277,1.0357815442561202,1.3260630582556632,False,up,deregulation_1983
1984-08-01,1984,8,1980,109.1,149.78976573896628,1.6775396085740857,2.9245283018867863,1.3974149071666109,False,up,deregulation_1983
1984-09-01,1984,9,1980,106.9,146.76925717227772,-2.01649862511456,0.3755868544601082,1.538892891162954,False,down,deregulation_1983
1984-10-01,1984,10,1980,106.6,146.3573696404565,-0.2806361085126441,2.995169082125604,1.2592877019556723,False,down,deregulation_1983
1984-11-01,1984,11,1980,106.3,145.94548210863533,-0.2814258911819856,2.3099133782483072,1.2676109222395042,False,down,deregulation_1983
1984-12-01,1984,12,1980,105.8,145.2590028889334,-0.470366886171214,1.0506208213944657,1.2672910938455708,False,down,deregulation_1983
1985-01-01,1985,1,1980,103.8,142.5130860101256,-1.8903591682419618,-1.7045454545454475,1.361501156528866,False,down,deregulation_1983
1985-02-01,1985,2,1980,105.8,145.2590028889334,1.9267822736030782,0.28436018957345155,1.486235676034138,False,up,deregulation_1983
1985-03-01,1985,3,1980,103.0,141.41471925860245,-2.6465028355387443,-0.09699321047526022,1.5415570773792138,False,down,deregulation_1983
1985-04-01,1985,4,1980,103.6,142.2384943222448,0.5825242718446644,-1.1450381679389388,1.4669763396105215,False,up,deregulation_1983
1985-05-01,1985,5,1980,107.1,147.04384886015848,3.378378378378377,1.4204545454545414,1.767970711665181,False,up,deregulation_1983
1985-06-01,1985,6,1980,105.1,144.29793198135064,-1.867413632119519,-1.2218045112782017,1.8442670027515826,False,down,deregulation_1983
1985-07-01,1985,7,1980,104.4,143.33686107376792,-0.666032350142709,-2.7027027027026973,1.8263117263795936,False,down,deregulation_1983
1985-08-01,1985,8,1980,101.8,139.76716913131776,-2.4904214559387072,-6.691109074243807,1.8304443483085906,False,down,deregulation_1983
1985-09-01,1985,9,1980,101.7,139.62987328737736,-0.09823182711198308,-4.864359214218894,1.7746092550528443,False,down,deregulation_1983
1985-10-01,1985,10,1980,101.4,139.2179857555562,-0.2949852507374562,-4.8780487804877986,1.7745261193030977,False,down,deregulation_1983
1985-11-01,1985,11,1980,99.0,135.92288550098684,-2.3668639053254448,-6.8673565380997115,1.8616749555931769,False,down,deregulation_1983
1985-12-01,1985,12,1980,97.5,133.86344784188097,-1.5151515151515138,-7.844990548204156,1.8806559328926473,False,down,deregulation_1983
1986-01-01,1986,1,1980,97.5,133.86344784188097,0.0,-6.069364161849711,1.8473192183278324,False,flat,deregulation_1983
1986-02-01,1986,2,1980,95.3,130.84293927519238,-2.2564102564102573,-9.924385633270315,1.7382210723550524,False,down,deregulation_1983
1986-03-01,1986,3,1980,100.5,137.98232316009268,5.456453305351516,-2.4271844660194164,2.418930944587988,True,up,deregulation_1983
1986-04-01,1986,4,1980,96.7,132.76508109035785,-3.7810945273631824,-6.660231660231652,2.6142799855168266,False,down,deregulation_1983
1986-05-01,1986,5,1980,95.9,131.6667143388347,-0.8273009307135482,-10.457516339869265,2.3045147593940287,False,down,deregulation_1983
1986-06-01,1986,6,1980,92.7,127.27324733274222,-3.3368091762252416,-11.798287345385338,2.3981727661189836,False,down,deregulation_1983
1986-07-01,1986,7,1980,85.8,117.79983410085524,-7.443365695792881,-17.816091954022994,3.0247695492438402,True,down,deregulation_1983
1986-08-01,1986,8,1980,84.6,116.15228397357056,-1.3986013986014068,-16.8958742632613,3.0112694275419387,False,down,deregulation_1983
1986-09-01,1986,9,1980,80.6,110.66045021595492,-4.728132387706852,-20.747295968534917,3.1118679179946334,False,down,deregulation_1983
1986-10-01,1986,10,1980,81.4,111.75881696747807,0.992555831265518,-19.723865877712033,3.192428026890625,False,up,deregulation_1983
1986-11-01,1986,11,1980,82.7,113.54366293870315,1.5970515970515908,-16.46464646464646,3.3269650490401954,False,up,deregulation_1983
1986-12-01,1986,12,1980,81.2,111.48422527959727,-1.8137847642079818,-16.717948717948715,3.32872139128128,False,down,deregulation_1983
1987-01-01,1987,1,1980,80.5,110.52315437201455,-0.8620689655172487,-17.43589743589744,3.3035166594883316,False,down,
1987-02-01,1987,2,1980,78.9,108.32642086896828,-1.9875776397515477,-17.208814270724016,3.299076842293338,False,down,
1987-03-01,1987,3,1980,82.3,112.99447956294158,4.30925221799745,-18.10945273631841,3.0887349117121072,False,up,
1987-04-01,1987,4,1980,81.7,112.17070449929922,-0.7290400972053357,-15.511892450879007,3.0182609773206774,False,down,
1987-05-01,1987,5,1980,79.5,109.15019593261064,-2.692778457772338,-17.10114702815433,3.0367458914208485,False,down,
1987-06-01,1987,6,1980,79.4,109.01290008867024,-0.12578616352200145,-14.347357065803667,3.0022020078881537,False,down,
1987-07-01,1987,7,1980,79.4,109.01290008867024,0.0,-7.459207459207451,2.288053736604201,False,flat,
1987-08-01,1987,8,1980,79.8,109.5620834644318,0.5037783375314797,-5.6737588652482245,2.295089889631948,False,up,
1987-09-01,1987,9,1980,80.3,110.24856268413376,0.6265664160401085,-0.3722084367245637,1.8715778177811033,False,up,
1987-10-01,1987,10,1980,77.9,106.95346242956438,-2.98879202988791,-4.2997542997543,2.023430168052127,False,down,
1987-11-01,1987,11,1980,75.7,103.93295386287579,-2.8241335044929428,-8.464328899637241,2.0397307747369897,False,down,
1987-12-01,1987,12,1980,78.6,107.9145333371471,3.830911492734468,-3.2019704433497664,2.385036519213199,False,up,
1988-01-01,1988,1,1980,79.0,108.46371671290869,0.5089058524173184,-1.8633540372670843,2.385625215122784,False,up,
1988-02-01,1988,2,1980,77.5,106.40427905380281,-1.898734177215189,-1.7743979721166148,2.3794686420552114,False,down,
1988-03-01,1988,3,1980,77.9,106.95346242956438,0.5161290322580614,-5.346294046172528,1.9503564114562943,False,up,
1988-04-01,1988,4,1980,80.7,110.79774605989532,3.594351732991008,-1.2239902080783405,2.2658037888085847,False,up,
1988-05-01,1988,5,1980,77.4,106.26698320986243,-4.089219330855009,-2.6415094339622525,2.4413052425647184,False,down,
1988-06-01,1988,6,1980,74.4,102.14810789165072,-3.875968992248058,-6.297229219143574,2.661658281971226,False,down,
1988-07-01,1988,7,1980,76.6,105.1686164583393,2.956989247311803,-3.5264483627204135,2.8436246351887884,False,up,
1988-08-01,1988,8,1980,74.6,102.42269957953147,-2.610966057441255,-6.516290726817042,2.908818112743593,False,down,
1988-09-01,1988,9,1980,75.0,102.97188295529305,0.536193029490617,-6.600249066002483,2.905691737802528,False,up,
1988-10-01,1988,10,1980,78.6,107.9145333371471,4.799999999999982,0.8985879332477298,3.164590364904942,False,up,
1988-11-01,1988,11,1980,77.6,106.5415748977432,-1.2722646310432517,2.509907529722577,3.0634144367682117,False,down,
1988-12-01,1988,12,1980,78.9,108.32642086896828,1.6752577319587791,0.3816793893129944,2.892772563302985,False,up,
1989-01-01,1989,1,1980,82.6,113.40636709476273,4.689480354879572,4.556962025316458,3.1871834489694897,False,up,
1989-02-01,1989,2,1980,84.5,116.01498812963015,2.3002421307506182,9.03225806451613,3.139805201492958,False,up,
1989-03-01,1989,3,1980,80.5,110.52315437201455,-4.7337278106508895,3.3376123234916566,3.5207780652428533,False,down,
1989-04-01,1989,4,1980,81.6,112.03340865535883,1.3664596273291751,1.1152416356877248,3.389330057979941,False,up,
1989-05-01,1989,5,1980,83.5,114.64202969022625,2.3284313725490335,7.881136950904377,3.158927688662946,False,up,
1989-06-01,1989,6,1980,83.2,114.2301421584051,-0.3592814371257469,11.827956989247301,2.8454054386392773,False,down,
1989-07-01,1989,7,1980,83.7,114.91662137810705,0.6009615384615419,9.268929503916468,2.776518417389959,False,up,
1989-08-01,1989,8,1980,79.5,109.15019593261064,-5.017921146953408,6.568364611260069,3.1103686040427587,True,down,
1989-09-01,1989,9,1980,82.6,113.40636709476273,3.899371069182389,10.133333333333328,3.2546180520600445,False,up,
1989-10-01,1989,10,1980,80.2,110.11126684019337,-2.9055690072639084,2.0356234096692294,3.164729494498501,False,down,
1989-11-01,1989,11,1980,80.7,110.79774605989532,0.6234413965087171,3.9948453608247503,3.130912418461657,False,up,
1989-12-01,1989,12,1980,81.7,112.17070449929922,1.2391573729863659,3.5487959442332073,3.1169128011308342,False,up,
1990-01-01,1990,1,1990,83.8,115.05391722204743,2.5703794369644983,1.4527845036319542,2.900340213959756,False,up,
1990-02-01,1990,2,1990,84.4,115.87769228568978,0.7159904534606243,-0.11834319526626835,2.829213101380227,False,up,
1990-03-01,1990,3,1990,82.5,113.26907125082235,-2.251184834123232,2.4844720496894457,2.5236949541178424,False,down,
1990-04-01,1990,4,1990,80.4,110.38585852807417,-2.5454545454545396,-1.4705882352941013,2.615139539024685,False,down,
1990-05-01,1990,5,1990,80.1,109.97397099625297,-0.3731343283582267,-4.071856287425158,2.501670205045162,False,down,
1990-06-01,1990,6,1990,77.6,106.5415748977432,-3.1210986267166008,-6.730769230769241,2.629686900535367,False,down,
1990-07-01,1990,7,1990,83.0,113.9555504705243,6.958762886597936,-0.8363201911589013,3.407466409268285,True,up,
1990-08-01,1990,8,1990,74.3,102.01081204771032,-10.481927710843376,-6.540880503144653,4.3665430921963955,True,down,
1990-09-01,1990,9,1990,75.9,104.20754555075658,2.1534320323014944,-8.111380145278435,4.234721767703099,False,up,
1990-10-01,1990,10,1990,75.1,103.10917879923342,-1.054018445322813,-6.359102244389037,4.177138847299635,False,down,
1990-11-01,1990,11,1990,80.2,110.11126684019337,6.790945406125171,-0.6195786864931829,4.673064303215325,True,up,
1990-12-01,1990,12,1990,87.0,119.44738422813994,8.478802992518709,6.487148102815166,5.269755191578532,True,up,
1991-01-01,1991,1,1990,85.5,117.38794656903409,-1.7241379310344862,2.028639618138439,5.273561713868369,False,down,
1991-02-01,1991,2,1990,82.2,112.8571837190012,-3.8596491228070184,-2.6066350710900466,5.404202704066113,False,down,
1991-03-01,1991,3,1990,81.3,111.62152112353768,-1.0948905109489093,-1.4545454545454528,5.372296351248628,False,down,
1991-04-01,1991,4,1990,77.7,106.67887074168361,-4.4280442804427995,-3.3582089552238847,5.4801309488757,False,down,
1991-05-01,1991,5,1990,80.4,110.38585852807417,3.474903474903468,0.37453183520601563,5.577368935175374,False,up,
1991-06-01,1991,6,1990,78.4,107.63994164926633,-2.487562189054726,1.030927835051565,5.546249684380339,False,down,
1991-07-01,1991,7,1990,77.3,106.12968736592204,-1.40306122448981,-6.867469879518073,5.133554329555351,False,down,
1991-08-01,1991,8,1990,77.9,106.95346242956438,0.7761966364812523,4.845222072678346,4.052276398493662,False,up,
1991-09-01,1991,9,1990,73.1,100.36326192042561,-6.1617458279846105,-3.6890645586297954,4.431201047276043,True,down,
1991-10-01,1991,10,1990,74.2,101.87351620376992,1.5047879616963078,-1.1984021304926706,4.44917704479072,False,up,
1991-11-01,1991,11,1990,78.3,107.50264580532594,5.525606469002686,-2.3690773067331694,4.285289421687103,True,up,
1991-12-01,1991,12,1990,82.7,113.54366293870315,5.6194125159642505,-4.9425287356321785,3.8179063462657497,True,up,
1992-01-01,1992,1,1990,80.1,109.97397099625297,-3.143893591293845,-6.3157894736842195,3.8855950818546527,False,down,
1992-02-01,1992,2,1990,79.1,108.60101255684907,-1.2484394506866447,-3.7712895377129074,3.7494350777949204,False,down,
1992-03-01,1992,3,1990,74.8,102.69729126741227,-5.436156763590394,-7.995079950799511,4.036249923692343,True,down,
1992-04-01,1992,4,1990,73.9,101.46162867194877,-1.2032085561497263,-4.890604890604888,3.86310693738932,False,down,
1992-05-01,1992,5,1990,75.3,103.38377048711422,1.8944519621109546,-6.343283582089565,3.746070774618183,False,up,
1992-06-01,1992,6,1990,74.0,101.59892451588914,-1.726427622841964,-5.6122448979591955,3.715311875652832,False,down,
1992-07-01,1992,7,1990,80.3,110.24856268413376,8.513513513513505,3.880983182406217,4.496699122568771,True,up,
1992-08-01,1992,8,1990,79.2,108.73830840078946,-1.3698630136986245,1.6688061617458283,4.52338606490072,False,down,
1992-09-01,1992,9,1990,86.0,118.07442578873604,8.585858585858585,17.647058823529417,4.630856182837967,True,up,
1992-10-01,1992,10,1990,82.9,113.81825462658392,-3.604651162790695,11.725067385444742,4.855760987626931,False,down,
1992-11-01,1992,11,1990,93.1,127.82243070850376,12.303980699638096,18.901660280970624,5.739604562780971,True,up,
1992-12-01,1992,12,1990,88.9,122.05600526300738,-4.5112781954887105,7.496977025392981,5.838641613878149,False,down,
1993-01-01,1993,1,1990,89.1,122.33059695088812,0.22497187851517886,11.23595505617978,5.7138135239855625,False,up,
1993-02-01,1993,2,1990,80.0,109.8366751523126,-10.213243546576878,1.137800252844512,6.56256604683531,True,down,
1993-03-01,1993,3,1990,77.6,106.5415748977432,-3.0000000000000027,3.743315508021383,6.405179829699255,False,down,
1993-04-01,1993,4,1990,78.9,108.32642086896828,1.6752577319587791,6.765899864682012,6.389837565484627,False,up,
1993-05-01,1993,5,1990,87.6,120.27115929178227,11.026615969581744,16.33466135458168,7.050633643544215,True,up,
1993-06-01,1993,6,1990,94.2,129.33268499184805,7.534246575342474,27.297297297297305,7.172095178716389,True,up,
1993-07-01,1993,7,1990,82.8,113.68095878264353,-12.101910828025487,3.1133250311332406,7.964273659583332,True,down,
1993-08-01,1993,8,1990,81.4,111.75881696747807,-1.6908212560386326,2.77777777777779,7.9718273831567785,False,down,
1993-09-01,1993,9,1990,85.5,117.38794656903409,5.036855036855026,-0.5813953488372103,7.706774735627915,True,up,
1993-10-01,1993,10,1990,89.2,122.46789279482854,4.327485380116958,7.599517490952956,7.688749047169602,False,up,
1993-11-01,1993,11,1990,85.2,116.9760590372129,-4.484304932735428,-8.485499462943057,6.90989176869581,False,down,
1993-12-01,1993,12,1990,85.5,117.38794656903409,0.35211267605632646,-3.8245219347581627,6.79585504848965,False,up,
1994-01-01,1994,1,1990,92.9,127.54783902062299,8.654970760233915,4.264870931537601,7.253841178044963,True,up,
1994-02-01,1994,2,1990,83.3,114.36743800234548,-10.33369214208828,4.125000000000001,7.2702185046347845,True,down,
1994-03-01,1994,3,1990,89.5,122.8797803266497,7.442977190876343,15.335051546391764,7.425685439501554,True,up,
1994-04-01,1994,4,1990,86.7,119.03549669631876,-3.1284916201117285,9.885931558935358,7.541217342787148,False,down,
1994-05-01,1994,5,1990,79.4,109.01290008867024,-8.419838523644751,-9.360730593607292,7.288332057785231,True,down,
1994-06-01,1994,6,1990,78.6,107.9145333371471,-1.0075566750629816,-16.560509554140136,6.827698880424943,False,down,
1994-07-01,1994,7,1990,73.9,101.46162867194877,-5.9796437659032975,-10.748792270531393,6.139541240153597,True,down,
1994-08-01,1994,8,1990,76.9,105.58050399016048,4.059539918809207,-5.528255528255532,6.283781350803424,False,up,
1994-09-01,1994,9,1990,74.2,101.87351620376992,-3.5110533159948054,-13.216374269005849,6.107048704261479,False,down,
1994-10-01,1994,10,1990,69.5,95.42061153857156,-6.3342318059299245,-22.085201793721975,6.0363058334873765,True,down,
1994-11-01,1994,11,1990,67.7,92.94928634764453,-2.5899280575539474,-20.539906103286388,5.986881140788964,False,down,
1994-12-01,1994,12,1990,73.5,100.91244529618719,8.567208271787297,-14.035087719298245,6.676901987984392,True,up,
1995-01-01,1995,1,1990,72.8,99.95137438860445,-0.9523809523809601,-21.636167922497318,5.943330622005824,False,down,
1995-02-01,1995,2,1990,67.0,91.9882154400618,-7.967032967032961,-19.567827130852333,5.669120339667939,True,down,
1995-03-01,1995,3,1990,65.3,89.65418609307515,-2.5373134328358304,-27.039106145251402,4.8924688613577025,False,down,
1995-04-01,1995,4,1990,66.3,91.02714453247906,1.5313935681470214,-23.529411764705888,5.019883983863791,False,up,
1995-05-01,1995,5,1990,67.3,92.40010297188296,1.5082956259426794,-15.239294710327467,4.690019802548361,False,up,
1995-06-01,1995,6,1990,68.9,94.59683647492922,2.377414561664204,-12.340966921119579,4.807415335292471,False,up,
1995-07-01,1995,7,1990,67.2,92.26280712794258,-2.467343976777947,-9.066305818673893,4.577127395640748,False,down,
1995-08-01,1995,8,1990,59.6,81.82832298847288,-11.309523809523814,-22.49674902470742,5.230091540838784,True,down,
1995-09-01,1995,9,1990,60.8,83.47587311575757,2.0134228187919323,-18.059299191374667,5.324752618073196,False,up,
1995-10-01,1995,10,1990,63.5,87.18286090214812,4.440789473684226,-8.633093525179858,5.346352682791882,False,up,
1995-11-01,1995,11,1990,67.0,91.9882154400618,5.5118110236220375,-1.0339734121122657,5.580752079517472,True,up,
1995-12-01,1995,12,1990,73.3,100.63785360830639,9.40298507462687,-0.27210884353742193,5.700508373395758,True,up,
1996-01-01,1996,1,1990,83.5,114.64202969022625,13.915416098226462,14.697802197802211,6.92766190945124,True,up,
1996-02-01,1996,2,1990,96.5,132.49048940247704,15.568862275449092,44.029850746268664,7.362439632567723,True,up,
1996-03-01,1996,3,1990,85.8,117.79983410085524,-11.088082901554408,31.393568147013774,8.331855979190792,True,down,
1996-04-01,1996,4,1990,92.8,127.4105431766826,8.158508158508159,39.96983408748114,8.471805422830284,True,up,
1996-05-01,1996,5,1990,88.0,120.82034266754384,-5.1724137931034475,30.75780089153046,8.803890417562524,True,down,
1996-06-01,1996,6,1990,78.9,108.32642086896828,-10.34090909090909,14.513788098693748,9.567241256004875,True,down,
1996-07-01,1996,7,1990,87.3,119.85927175996112,10.646387832699599,29.910714285714278,9.812118117948335,True,up,
1996-08-01,1996,8,1990,88.2,121.09493435542463,1.0309278350515427,47.98657718120805,8.812312129047063,False,up,
1996-09-01,1996,9,1990,76.6,105.1686164583393,-13.151927437641731,25.986842105263165,10.069816343290325,True,down,
1996-10-01,1996,10,1990,75.2,103.24647464317383,-1.8276762402088642,18.4251968503937,10.117379265079379,False,down,
1996-11-01,1996,11,1990,100.6,138.11961900403307,33.77659574468084,50.149253731343265,13.695256759147128,True,up,
1996-12-01,1996,12,1990,140.7,193.17525242412975,39.86083499005964,91.95088676671213,17.13010393177558,True,up,
1997-01-01,1997,1,1990,159.5,218.9868710849232,13.361762615493976,91.0179640718563,17.109876160341127,True,up,
1997-02-01,1997,2,1990,119.9,164.61771688452848,-24.827586206896544,24.24870466321245,19.075010096193793,True,down,
1997-03-01,1997,3,1990,78.5,107.77723749320674,-34.528773978315265,-8.508158508158504,21.70851349198202,True,down,
1997-04-01,1997,4,1990,75.5,103.658362174995,-3.821656050955413,-18.64224137931034,21.645603969747125,False,down,
1997-05-01,1997,5,1990,83.7,114.91662137810705,10.860927152317878,-4.886363636363633,21.763734285885853,True,up,
1997-06-01,1997,6,1990,88.7,121.78141357512658,5.973715651135003,12.420785804816227,21.44681529155348,True,up,
1997-07-01,1997,7,1990,85.8,117.79983410085524,-3.269447576099216,-1.718213058419249,21.378547421993144,False,down,
1997-08-01,1997,8,1990,87.1,119.58468007208032,1.5151515151515138,-1.2471655328798237,21.377105439191997,False,up,
1997-09-01,1997,9,1990,96.9,133.03967277823864,11.25143513203215,26.501305483028737,20.962056008432736,True,up,
1997-10-01,1997,10,1990,115.7,158.85129143903208,19.40144478844168,53.856382978723396,21.315852391364796,True,up,
1997-11-01,1997,11,1990,127.3,174.7776093361174,10.025929127052713,26.54075546719683,19.507577607456554,True,up,
1997-12-01,1997,12,1990,101.4,139.2179857555562,-20.345640219952866,-27.931769722814494,16.97218479697652,True,down,
1998-01-01,1998,1,1990,90.9,124.80192214181518,-10.355029585798814,-43.009404388714735,16.496530172903515,True,down,
1998-02-01,1998,2,1990,81.9,112.44529618718002,-9.9009900990099,-31.693077564637196,15.229685981308386,True,down,
1998-03-01,1998,3,1990,86.4,118.62360916449761,5.494505494505497,10.06369426751592,11.323952958590839,True,up,
1998-04-01,1998,4,1990,90.1,123.70355539029205,4.282407407407396,19.33774834437085,11.225294583905837,False,up,
1998-05-01,1998,5,1990,90.5,124.25273876605361,0.4439511653718142,8.124253285543602,10.881863078636641,False,up,
1998-06-01,1998,6,1990,81.9,112.44529618718002,-9.502762430939216,-7.666290868094694,11.178989791841799,True,down,
1998-07-01,1998,7,1990,89.0,122.19330110694774,8.66910866910866,3.7296037296037365,11.398416717522425,True,up,
1998-08-01,1998,8,1990,82.1,112.71988787506078,-7.752808988764048,-5.74052812858783,11.664924078906825,True,down,
1998-09-01,1998,9,1990,69.8,95.83249907039273,-14.981729598051153,-27.966976264189892,11.85045993429205,True,down,
1998-10-01,1998,10,1990,77.6,106.5415748977432,11.174785100286533,-32.92999135695766,10.676931431058057,True,up,
1998-11-01,1998,11,1990,83.1,114.09284631446471,7.0876288659793785,-34.72113118617439,10.387597046233168,True,up,
1998-12-01,1998,12,1990,83.4,114.50473384628587,0.3610108303249149,-17.751479289940832,8.844808129473053,False,up,
1999-01-01,1999,1,1990,74.7,102.55999542347188,-10.431654676258994,-17.821782178217827,8.852005038764156,True,down,
1999-02-01,1999,2,1990,71.9,98.71571179314095,-3.748326639892896,-12.210012210012211,8.475865807251598,False,down,
1999-03-01,1999,3,1990,67.0,91.9882154400618,-6.815020862308774,-22.45370370370371,8.396991313808162,True,down,
1999-04-01,1999,4,1990,74.0,101.59892451588914,10.447761194029859,-17.869034406215313,8.96990520703719,True,up,
1999-05-01,1999,5,1990,91.4,125.48840136151713,23.513513513513516,0.9944751381215422,11.486148612690105,True,up,
1999-06-01,1999,6,1990,89.0,122.19330110694774,-2.6258205689277947,8.66910866910866,11.097523138802801,False,down,
1999-07-01,1999,7,1990,91.9,126.17488058121909,3.2584269662921495,3.2584269662921495,10.876014568074712,False,up,
1999-08-01,1999,8,1990,104.3,143.19956522982753,13.492927094668117,27.04019488428746,11.08605507590344,True,up,
1999-09-01,1999,9,1990,114.9,157.75292468750897,10.16299137104506,64.61318051575932,9.76661905607494,True,up,
1999-10-01,1999,10,1990,104.1,142.92497354194674,-9.399477806788525,34.14948453608248,10.30914657647851,True,down,
1999-11-01,1999,11,1990,121.5,166.81445038757474,16.71469740634006,46.20938628158846,11.011734172113794,True,up,
1999-12-01,1999,12,1990,90.0,123.56625954635166,-25.92592592592593,7.913669064748197,13.964665641724867,True,down,
2000-01-01,2000,1,2000,98.0,134.5499270615829,8.888888888888879,31.191432396251663,13.565266693583808,True,up,
2000-02-01,2000,2,2000,104.8,143.8860444495295,6.938775510204076,45.757997218358824,13.420262441663644,True,up,
2000-03-01,2000,3,2000,105.7,145.121707044993,0.8587786259542041,57.761194029850756,13.0324757411886,False,up,
2000-04-01,2000,4,2000,114.7,157.47833299962818,8.51466414380322,55.00000000000001,12.966667655222603,True,up,
2000-05-01,2000,5,2000,123.3,169.28577557850178,7.497820401046207,34.90153172866519,11.586138782573435,True,up,
2000-06-01,2000,6,2000,170.2,233.67752638654503,38.03730738037308,91.23595505617976,15.131812652883161,True,up,
2000-07-01,2000,7,2000,170.5,234.0894139183662,0.1762632197414904,85.52774755168659,15.219346776948889,False,up,
2000-08-01,2000,8,2000,151.9,208.55238694545352,-10.909090909090901,45.63758389261745,15.79459504184776,True,down,
2000-09-01,2000,9,2000,176.8,242.73905208661085,16.3923633969717,53.87293298520453,16.10427494854578,True,up,california_crisis_2000
2000-10-01,2000,10,2000,201.7,276.92571722776813,14.083710407239813,93.75600384245917,15.640004560748439,True,up,california_crisis_2000
2000-11-01,2000,11,2000,185.0,253.99731128972286,-8.2796232027764,52.2633744855967,15.85834836524662,True,down,california_crisis_2000
2000-12-01,2000,12,2000,263.3,361.49995709504884,42.32432432432434,192.55555555555554,16.11679274300216,True,up,california_crisis_2000
2001-01-01,2001,1,2000,393.8,540.6710334372586,49.56323585263958,301.8367346938776,19.662469064919563,True,up,california_crisis_2000
2001-02-01,2001,2,2000,262.3,360.1269986556449,-33.39258506856272,150.28625954198475,23.92137323677062,True,down,california_crisis_2000
2001-03-01,2001,3,2000,215.8,296.28443122336324,-17.72779260388868,104.16272469252603,25.165110354544932,True,down,california_crisis_2000
2001-04-01,2001,4,2000,220.6,302.87463173250194,2.2242817423540284,92.32781168265038,25.23829224845198,False,up,
2001-05-01,2001,5,2000,203.6,279.5343382626355,-7.706255666364459,65.1257096512571,25.662082444018694,True,down,
2001-06-01,2001,6,2000,153.4,210.61182460455942,-24.656188605108053,-9.870740305522908,25.160289453188813,True,down,
2001-07-01,2001,7,2000,121.1,166.26526701181317,-21.056062581486312,-28.973607038123173,26.019888515795902,True,down,
2001-08-01,2001,8,2000,120.9,165.9906753239324,-0.16515276630882925,-20.408163265306122,25.791541443350432,False,down,
2001-09-01,2001,9,2000,93.0,127.6851348645634,-23.076923076923084,-47.39819004524887,26.159634198952684,True,down,
2001-10-01,2001,10,2000,72.9,100.08867023254486,-21.612903225806445,-63.85721368368864,26.154070084018446,True,down,
2001-11-01,2001,11,2000,114.0,156.51726209204543,56.37860082304527,-38.37837837837837,31.581002665710894,True,up,
2001-12-01,2001,12,2000,90.5,124.25273876605361,-20.614035087719294,-65.62856057728827,29.05472385491816,True,down,
2002-01-01,2002,1,2000,99.3,136.334773032808,9.723756906077341,-74.78415439309293,24.085254769864807,True,up,
2002-02-01,2002,2,2000,78.9,108.32642086896828,-20.543806646525674,-69.91993900114373,23.143950306900965,True,down,
2002-03-01,2002,3,2000,95.9,131.6667143388347,21.54626108998732,-55.56070435588507,24.299204113084134,True,up,
2002-04-01,2002,4,2000,131.3,180.26944309373306,36.91345151199166,-40.480507706255665,27.033422477483086,True,up,
2002-05-01,2002,5,2000,125.5,172.30628414519038,-4.417364813404423,-38.359528487229866,26.978511879047925,False,down,
2002-06-01,2002,6,2000,117.7,161.59720831783991,-6.215139442231077,-23.272490221642762,26.014322017671596,True,down,
2002-07-01,2002,7,2000,112.6,154.59512027687995,-4.333050127442661,-7.018992568125515,25.18510597602595,False,down,
2002-08-01,2002,8,2000,114.9,157.75292468750897,2.042628774422739,-4.962779156327546,25.176190262355124,False,up,
2002-09-01,2002,9,2000,120.9,165.9906753239324,5.22193211488251,30.000000000000004,23.89102152125958,True,up,
2002-10-01,2002,10,2000,134.6,184.80020594376592,11.331679073614541,84.63648834019202,22.467019620968642,True,up,
2002-11-01,2002,11,2000,167.5,229.9705386001545,24.442793462109957,46.92982456140351,17.45019907351977,True,up,
2002-12-01,2002,12,2000,171.1,234.91318898200853,2.1492537313432702,89.06077348066297,15.60030501913113,False,up,
2003-01-01,2003,1,2000,193.5,265.66745802465607,13.091759205143205,94.86404833836859,15.693818469715309,True,up,
2003-02-01,2003,2,2000,216.5,297.24550213094597,11.88630490956073,174.39797211660326,13.148788687908988,True,up,
2003-03-01,2003,3,2000,330.1,453.2135808472298,52.47113163972288,244.21272158498434,17.901896751136224,True,up,
2003-04-01,2003,4,2000,201.9,277.2003089156489,-38.836716146622244,53.76999238385376,21.35876458414462,True,down,
2003-05-01,2003,5,2000,211.2,289.9688224021052,4.606240713224352,68.28685258964143,21.126373700891673,False,up,
2003-06-01,2003,6,2000,237.4,325.94033351448763,12.405303030303049,101.69923534409517,20.789645357739694,True,up,
2003-07-01,2003,7,2000,219.4,301.2270816052173,-7.582139848357206,94.84902309058616,20.985669706302378,True,down,
2003-08-01,2003,8,2000,195.4,268.2760790595235,-10.93892433910666,70.06092254134029,21.632337056721774,True,down,
2003-09-01,2003,9,2000,202.4,277.88678813535086,3.5823950870010224,67.4110835401158,21.647606364880623,False,up,
2003-10-01,2003,10,2000,184.1,252.76164869425935,-9.041501976284593,36.775631500742946,22.03402309527753,True,down,
2003-11-01,2003,11,2000,181.2,248.780069219988,-1.5752308527973935,8.179104477611943,21.195261377986345,False,down,
2003-12-01,2003,12,2000,200.6,275.4154629444238,10.706401766004415,17.24137931034482,21.31919105823112,True,up,
2004-01-01,2004,1,2000,242.3,332.66782986756675,20.787637088733813,25.21963824289406,21.748737058225615,True,up,
2004-02-01,2004,2,2000,231.2,317.4279911901833,-4.581097812628987,6.789838337182452,21.72811146881226,False,down,
2004-03-01,2004,3,2000,208.1,285.7126512399531,-9.991349480968859,-36.95849742502273,15.21920449431092,True,down,
2004-04-01,2004,4,2000,218.7,300.2660106976345,5.093704949543487,8.320950965824657,10.125173461922213,True,up,
2004-05-01,2004,5,2000,241.4,331.43216727210324,10.379515317786936,14.299242424242431,10.438074774297418,True,up,
2004-06-01,2004,6,2000,270.7,371.6598495466377,12.137531068765517,14.026958719460826,10.413140573799339,True,up,
2004-07-01,2004,7,2000,257.5,353.53679814650616,-4.876246767639447,17.36554238833181,10.224253622795281,False,down,
2004-08-01,2004,8,2000,249.8,342.96501816309603,-2.9902912621359135,27.840327533265107,9.559292862819824,False,down,
2004-09-01,2004,9,2000,212.8,292.16555590515145,-14.81184947958366,5.138339920948609,10.763507089906291,True,down,
2004-10-01,2004,10,2000,222.1,304.9340693916078,4.370300751879697,20.64095600217273,10.3204405791718,False,up,
2004-11-01,2004,11,2000,306.7,421.0863533651784,38.090950022512374,69.26048565121414,14.541454674638222,True,up,
2004-12-01,2004,12,2000,289.5,397.4714682074312,-5.608086077600261,44.31704885343968,14.757169600080967,True,down,
2005-01-01,2005,1,2000,252.4,346.5347101055462,-12.815198618307422,4.168386297977711,14.46735789318859,True,down,
2005-02-01,2005,2,2000,253.2,347.63307685706934,0.31695721077653616,9.515570934256058,14.358114729426724,False,up,
2005-03-01,2005,3,2000,257.4,353.39950230256574,1.6587677725118377,23.690533397405076,13.888705020116202,False,up,
2005-04-01,2005,4,2000,298.2,409.41620663024514,15.850815850815847,36.35116598079562,14.403393816841577,True,up,
2005-05-01,2005,5,2000,278.2,381.95703784216704,-6.706908115358823,15.244407622203804,14.503022889171355,True,down,
2005-06-01,2005,6,2000,260.5,357.6556734647179,-6.362329259525512,-3.768008865903205,14.315454528285485,True,down,
2005-07-01,2005,7,2000,296.0,406.39569806355655,13.62763915547025,14.9514563106796,14.674629387341424,True,up,
2005-08-01,2005,8,2000,316.0,433.85486685163477,6.756756756756754,26.5012009607686,14.639890805957508,True,up,katrina_rita_2005
2005-09-01,2005,9,2000,417.3,572.9355567632506,32.05696202531645,96.09962406015038,15.708504127379774,True,up,katrina_rita_2005
2005-10-01,2005,10,2000,492.7,676.4566230943052,18.068535825545172,121.83701035569565,16.01305539060107,True,up,katrina_rita_2005
2005-11-01,2005,11,2000,486.4,667.8069849260605,-1.2786685609904591,58.59145745027714,13.021216514033842,False,down,katrina_rita_2005
2005-12-01,2005,12,2000,416.0,571.1507107920254,-14.473684210526317,43.69602763385147,13.878246759857447,True,down,katrina_rita_2005
2006-01-01,2006,1,2000,403.4,553.8514344555363,-3.028846153846154,59.82567353407289,13.071331344306605,False,down,katrina_rita_2005
2006-02-01,2006,2,2000,317.6,436.05160035468094,-21.269211700545355,25.43443917851502,15.06387852416784,True,down,katrina_rita_2005
2006-03-01,2006,3,2000,283.6,389.37101341494815,-10.705289672544083,10.178710178710194,15.571403288386719,True,down,
2006-04-01,2006,4,2000,277.4,380.85867109064384,-2.1861777150916972,-6.975184439973181,14.958490387610595,False,down,
2006-05-01,2006,5,2000,275.8,378.66193758759766,-0.5767844268204647,-0.8626887131559902,14.798473403746705,False,down,
2006-06-01,2006,6,2000,240.9,330.7456880524013,-12.654097171863675,-7.523992322456808,15.185030935778192,True,down,
2006-07-01,2006,7,2000,241.7,331.8440548039244,0.33208800332087396,-18.3445945945946,14.60297085176451,False,up,
2006-08-01,2006,8,2000,284.0,389.92019679070967,17.501034340091024,-10.126582278481012,15.411827720464123,True,up,
2006-09-01,2006,9,2000,263.4,361.63725293898915,-7.253521126760576,-36.87994248741913,11.757619804857338,True,down,
2006-10-01,2006,10,2000,176.6,242.46446039873004,-32.95368261199696,-64.15668763953725,12.591822465134392,True,down,
2006-11-01,2006,11,2000,292.9,402.1395269014044,65.85503963759909,-39.78207236842105,24.66966037823633,True,up,
2006-12-01,2006,12,2000,307.0,421.49824089699956,4.813929668828965,-26.201923076923073,24.394547940337617,False,up,
2007-01-01,2007,1,2000,241.7,331.8440548039244,-21.270358306188932,-40.084283589489345,25.145208082136268,True,down,
2007-02-01,2007,2,2000,295.5,405.70921884385467,22.258998758791893,-6.9584382871536565,25.20469777200602,True,up,
2007-03-01,2007,3,2000,298.1,409.2789107863048,0.879864636209815,5.11283497884345,24.89671391148153,False,up,
2007-04-01,2007,4,2000,288.4,395.96121392408685,-3.2539416303254076,3.965392934390777,24.918425517271533,False,down,
2007-05-01,2007,5,2000,301.9,414.4961528560396,4.680998613037457,9.46337926033356,24.899744750241453,False,up,
2007-06-01,2007,6,2000,304.7,418.3404364863706,0.9274594236502232,26.48401826484017,24.415339026304128,False,up,
2007-07-01,2007,7,2000,274.0,376.1906123966706,-10.0754840827043,13.363673976003309,24.754563459522792,True,down,
2007-08-01,2007,8,2000,241.3,331.2948714281629,-11.934306569343056,-15.03521126760563,24.700385381067537,True,down,
2007-09-01,2007,9,2000,216.8,297.6573896627671,-10.153336096145871,-17.691723614274856,24.803044527810723,True,down,
2007-10-01,2007,10,2000,248.6,341.3174680358114,14.667896678966773,40.77010192525481,22.622863925476782,True,up,
2007-11-01,2007,11,2000,282.3,387.58616744372307,13.555913113435247,-3.6189825879139548,12.609437607086319,True,up,
2007-12-01,2007,12,2000,292.1,401.04116014988136,3.4714842366277088,-4.853420195439728,12.572859433574026,False,up,
2008-01-01,2008,1,2000,293.4,402.8260061211064,0.445053064019163,21.390153082333473,10.590420907742155,False,up,commodity_peak_2008
2008-02-01,2008,2,2000,332.4,456.37138525785883,13.292433537832316,12.487309644670042,9.275171911653015,True,up,commodity_peak_2008
2008-03-01,2008,3,2000,362.7,497.97202597179717,9.115523465703967,21.670580342167046,9.536197960617312,True,up,commodity_peak_2008
2008-04-01,2008,4,2000,384.0,527.2160407311004,5.87262200165426,33.14840499306519,9.437144991517641,True,up,commodity_peak_2008
2008-05-01,2008,5,2000,437.0,599.9828380195075,13.802083333333325,44.74991719112289,9.953650929798291,True,up,commodity_peak_2008
2008-06-01,2008,6,2000,449.5,617.1448185120563,2.8604118993134975,47.52215293731539,9.92237372355485,False,up,commodity_peak_2008
2008-07-01,2008,7,2000,489.9,672.6123394639742,8.987764182424907,78.7956204379562,8.991146932315056,True,up,commodity_peak_2008
2008-08-01,2008,8,2000,355.7,488.3613168959698,-27.393345580730767,47.409863240779096,12.218296713820232,True,down,gfc_crash_2008
2008-09-01,2008,9,2000,306.9,421.36094505305914,-13.719426482991292,41.55904059040589,12.631373856944892,True,down,gfc_crash_2008
2008-10-01,2008,10,2000,257.0,352.85031892680416,-16.259367872271092,3.3789219629927647,13.3359379849249,True,down,gfc_crash_2008
2008-11-01,2008,11,2000,217.2,298.20657303852863,-15.486381322957198,-23.06057385759831,13.51770928755058,True,down,gfc_crash_2008
2008-12-01,2008,12,2000,242.0,332.2559423357456,11.418047882136296,-17.151660390277314,13.957573931537354,True,up,gfc_crash_2008
2009-01-01,2009,1,2000,229.4,314.95666599925636,-5.206611570247932,-21.813224267211993,14.014755487256512,True,down,gfc_crash_2008
2009-02-01,2009,2,2000,175.9,241.50338949114732,-23.321708805579778,-47.08182912154031,14.580326207853728,True,down,gfc_crash_2008
2009-03-01,2009,3,2000,146.8,201.55029890449362,-16.543490619670266,-59.52577888061759,14.343869164322633,True,down,gfc_crash_2008
2009-04-01,2009,4,2000,138.7,190.42933554532192,-5.5177111716621425,-63.88020833333334,13.836707332516488,True,down,gfc_crash_2008
2009-05-01,2009,5,2000,135.6,186.17316438316982,-2.2350396539293382,-68.97025171624713,12.314751738969948,False,down,gfc_crash_2008
2009-06-01,2009,6,2000,140.2,192.4887732044278,3.3923303834808127,-68.80978865406007,12.360369792510284,False,up,gfc_crash_2008
2009-07-01,2009,7,2000,151.5,208.00320356969198,8.05991440798859,-69.07532149418249,12.24344379454198,True,up,shale_revolution
2009-08-01,2009,8,2000,147.8,202.92325734389755,-2.4422442244224296,-58.448130447005894,10.787868555377585,False,down,shale_revolution
2009-09-01,2009,9,2000,123.3,169.28577557850178,-16.57645466847092,-59.824046920821104,10.99156556720937,True,down,shale_revolution
2009-10-01,2009,10,2000,154.0,211.43559966820172,24.89862124898621,-40.07782101167315,13.807350770285927,True,up,shale_revolution
2009-11-01,2009,11,2000,181.5,249.1919567518092,17.85714285714286,-16.436464088397784,14.470413801498827,True,up,shale_revolution
2009-12-01,2009,12,2000,195.1,267.86419152770236,7.493112947658398,-19.3801652892562,14.218252596854594,True,up,shale_revolution
2010-01-01,2010,1,2010,244.4,335.5510425903149,25.269092772936965,6.538796861377505,15.980901801190248,True,up,shale_revolution
2010-02-01,2010,2,2010,231.2,317.4279911901833,-5.400981996726683,31.43831722569641,14.164793749601042,True,down,shale_revolution
2010-03-01,2010,3,2010,204.3,280.4954091702183,-11.6349480968858,39.168937329700256,13.602930336456708,True,down,shale_revolution
2010-04-01,2010,4,2010,168.8,231.75538457137955,-17.376407244248647,21.70151405912042,14.710915377927009,True,down,shale_revolution
2010-05-01,2010,5,2010,175.8,241.36609364720692,4.146919431279628,29.646017699115056,14.635050734733449,False,up,shale_revolution
2010-06-01,2010,6,2010,178.0,244.3866022138955,1.2514220705347023,26.9614835948645,14.644748002141306,False,up,shale_revolution
2010-07-01,2010,7,2010,195.4,268.2760790595235,9.775280898876403,28.97689768976899,14.707269701753745,True,up,shale_revolution
2010-08-01,2010,8,2010,194.3,266.7658247761792,-0.5629477993858711,31.461434370771315,14.6527348933005,False,down,shale_revolution
2010-09-01,2010,9,2010,157.7,216.51554589399615,-18.836850231600632,27.89943227899432,14.942607145775513,True,down,shale_revolution
2010-10-01,2010,10,2010,159.6,219.1241669288636,1.2048192771084265,3.6363636363636376,13.268073703382042,False,up,shale_revolution
2010-11-01,2010,11,2010,143.9,197.56871943022227,-9.837092731829566,-20.716253443526167,12.472869837842538,True,down,shale_revolution
2010-12-01,2010,12,2010,176.7,242.60175624267043,22.793606671299504,-9.431060994361873,14.117005802144828,True,up,shale_revolution
2011-01-01,2011,1,2010,179.6,246.58333571694175,1.6411997736276218,-26.513911620294607,11.727784789854985,False,up,shale_revolution
2011-02-01,2011,2,2010,183.0,251.25139441091505,1.8930957683741756,-20.847750865051896,11.719025349914254,False,up,shale_revolution
2011-03-01,2011,3,2010,165.0,226.5381425016447,-9.836065573770492,-19.23641703377387,11.585481849786259,True,down,shale_revolution
2011-04-01,2011,4,2010,178.6,245.21037727753784,8.242424242424228,5.805687203791465,10.644852030709917,True,up,shale_revolution
2011-05-01,2011,5,2010,182.4,250.42761934727272,2.1276595744680993,3.754266211604085,10.606295547351385,False,up,shale_revolution
2011-06-01,2011,6,2010,183.9,252.48705700637854,0.8223684210526327,3.314606741573045,10.605437204341072,False,up,shale_revolution
2011-07-01,2011,7,2010,184.0,252.62435285031896,0.054377379010328575,-5.834186284544529,10.22063165016017,False,up,shale_revolution
2011-08-01,2011,8,2010,182.5,250.5649151912131,-0.8152173913043459,-6.073082861554302,10.222099296262892,False,down,shale_revolution
2011-09-01,2011,9,2010,167.1,229.4213552243929,-8.438356164383565,5.960684844641739,8.830311219255602,True,down,shale_revolution
2011-10-01,2011,10,2010,158.4,217.47661680157893,-5.206463195691191,-0.7518796992481147,8.997357443767605,True,down,shale_revolution
2011-11-01,2011,11,2010,148.3,203.60973656359945,-6.376262626262619,3.0576789437109175,8.69368618638395,True,down,shale_revolution
2011-12-01,2011,12,2010,144.4,198.25519864992424,-2.6298044504383,-18.279569892473113,5.17101894887414,False,down,shale_revolution
2012-01-01,2012,1,2010,132.4,181.77969737707733,-8.310249307479223,-26.280623608017816,5.406472247852324,True,down,shale_revolution
2012-02-01,2012,2,2010,115.3,158.3021080632705,-12.915407854984895,-36.994535519125684,6.001564143983252,True,down,shale_revolution
2012-03-01,2012,3,2010,104.7,143.7487486055891,-9.193408499566347,-36.54545454545455,5.943510264612314,True,down,shale_revolution
2012-04-01,2012,4,2010,92.3,126.72406395698064,-11.843361986628464,-48.320268756998885,5.086066456474,True,down,shale_revolution
2012-05-01,2012,5,2010,89.4,122.74248448270933,-3.1419284940411574,-50.986842105263165,4.597342517344186,False,down,shale_revolution
2012-06-01,2012,6,2010,102.1,140.17905666313894,14.205816554809836,-44.48069603045134,7.200749595556772,True,up,shale_revolution
2012-07-01,2012,7,2010,115.6,158.71399559509166,13.222331047992174,-37.173913043478265,8.793526279679618,True,up,shale_revolution
2012-08-01,2012,8,2010,125.9,172.85546752095195,8.910034602076134,-31.013698630136986,9.480134239846546,True,up,shale_revolution
2012-09-01,2012,9,2010,115.4,158.43940390721093,-8.339952343129465,-30.939557151406337,9.47470661880451,True,down,shale_revolution
2012-10-01,2012,10,2010,126.2,173.2673550527731,9.358752166377805,-20.32828282828283,10.031887051198423,True,up,shale_revolution
2012-11-01,2012,11,2010,143.5,197.0195360544607,13.708399366085565,-3.236682400539459,10.777751158580008,True,up,shale_revolution
2012-12-01,2012,12,2010,152.3,209.10157032121512,6.132404181184681,5.47091412742382,10.86121082654931,True,up,shale_revolution
2013-01-01,2013,1,2010,143.1,196.47035267869913,-6.040709126723587,8.081570996978837,10.703290284089878,True,down,shale_revolution
2013-02-01,2013,2,2010,138.2,189.74285632561998,-3.424178895877017,19.86123156981785,9.887223757809377,False,down,shale_revolution
2013-03-01,2013,3,2010,144.2,197.98060696204342,4.341534008683068,37.72683858643742,9.250351073137029,False,up,shale_revolution
2013-04-01,2013,4,2010,163.9,225.02788821830043,13.661581137309309,77.57313109425787,8.397860143138722,True,up,shale_revolution
2013-05-01,2013,5,2010,172.2,236.42344326535283,5.064063453325196,92.6174496644295,7.979054085023458,True,up,shale_revolution
2013-06-01,2013,6,2010,170.1,233.54023054260463,-1.2195121951219523,66.60137120470128,7.7588132222085715,False,down,shale_revolution
2013-07-01,2013,7,2010,155.6,213.63233317124798,-8.5243974132863,34.602076124567475,8.097808744209322,True,down,shale_revolution
2013-08-01,2013,8,2010,146.8,201.55029890449362,-5.655526992287907,16.600476568705336,8.190190204637014,True,down,shale_revolution
2013-09-01,2013,9,2010,149.8,205.66917422270535,2.043596730245234,29.80935875216637,7.570989404219854,False,up,shale_revolution
2013-10-01,2013,10,2010,149.5,205.25728669088417,-0.20026702269693164,18.462757527733764,7.2755535267653535,False,down,shale_revolution
2013-11-01,2013,11,2010,150.0,205.9437659105861,0.33444816053511683,4.529616724738683,6.2076553273296575,False,up,shale_revolution
2013-12-01,2013,12,2010,163.2,224.06681731071765,8.799999999999986,7.1569271175311755,6.4683126460079245,True,up,shale_revolution
2014-01-01,2014,1,2010,180.7,248.09359000028604,10.72303921568627,26.2753319357093,6.671883006899154,True,up,shale_revolution
2014-02-01,2014,2,2010,235.1,322.7825291038586,30.105146651909244,70.11577424023156,10.205085798556636,True,up,shale_revolution
2014-03-01,2014,3,2010,210.3,288.73315980664177,-10.548702679710754,45.83911234396674,11.148287319984565,True,down,shale_revolution
2014-04-01,2014,4,2010,194.7,267.31500815194073,-7.417974322396592,18.791946308724828,11.099218927991398,True,down,shale_revolution
2014-05-01,2014,5,2010,193.4,265.5301621807157,-0.6676938880328609,12.311265969802566,11.076739401344033,False,down,shale_revolution
2014-06-01,2014,6,2010,186.7,256.3313406367095,-3.464322647362983,9.758965314520873,11.14523661269073,False,down,shale_revolution
2014-07-01,2014,7,2010,179.6,246.58333571694175,-3.802892340653452,15.424164524421592,10.846446723333154,False,down,shale_revolution
2014-08-01,2014,8,2010,159.5,218.9868710849232,-11.191536748329622,8.651226158038128,11.295590464236989,True,down,shale_revolution
2014-09-01,2014,9,2010,162.8,223.51763393495614,2.0689655172413834,8.67823765020026,11.295759753737556,False,up,shale_revolution
2014-10-01,2014,10,2010,160.4,220.22253368038673,-1.4742014742014753,7.290969899665556,11.316372874852622,False,down,shale_revolution
2014-11-01,2014,11,2010,155.1,212.94585395154604,-3.3042394014962673,3.400000000000003,11.387917969926672,False,down,shale_revolution
2014-12-01,2014,12,2010,170.5,234.0894139183662,9.929078014184412,4.473039215686292,11.464263890891665,True,up,shale_revolution
2015-01-01,2015,1,2010,127.6,175.18949686793857,-25.161290322580655,-29.38572219147758,13.21858019976031,True,down,shale_revolution
2015-02-01,2015,2,2010,114.7,157.47833299962818,-10.109717868338553,-51.21225010633772,8.613234581801182,True,down,shale_revolution
2015-03-01,2015,3,2010,115.8,158.98858728297247,0.9590235396687019,-44.9358059914408,8.631965398577961,False,up,shale_revolution
2015-04-01,2015,4,2010,101.1,138.806098223735,-12.694300518134716,-48.07395993836672,8.925196731355658,True,down,shale_revolution
2015-05-01,2015,5,2010,101.0,138.66880237979464,-0.09891196834816984,-47.77662874870734,8.951243182781774,False,down,shale_revolution
2015-06-01,2015,6,2010,108.8,149.37787820714513,7.72277227722773,-41.72469201928227,9.664210821233988,True,up,shale_revolution
2015-07-01,2015,7,2010,109.4,150.20165327078746,0.5514705882353033,-39.086859688195986,9.75076717972631,False,up,shale_revolution
2015-08-01,2015,8,2010,112.1,153.90864105717802,2.468007312614251,-29.717868338557995,9.575483339780769,False,up,shale_revolution
2015-09-01,2015,9,2010,104.5,143.4741569177083,-6.779661016949145,-35.810810810810814,9.538282994789293,True,down,shale_revolution
2015-10-01,2015,10,2010,99.6,136.74666056462917,-4.688995215311009,-37.905236907730675,9.531590412021465,False,down,shale_revolution
2015-11-01,2015,11,2010,84.6,116.15228397357056,-15.06024096385542,-45.45454545454546,10.104011223953428,True,down,shale_revolution
2015-12-01,2015,12,2010,85.4,117.25065072509369,0.9456264775413947,-49.91202346041055,9.240650391492164,False,up,shale_revolution
2016-01-01,2016,1,2010,93.6,128.50890992820572,9.601873536299754,-26.645768025078375,7.725945367788711,True,up,shale_revolution
2016-02-01,2016,2,2010,84.0,115.3285089099282,-10.256410256410254,-26.765475152571927,7.739589615944769,True,down,shale_revolution
2016-03-01,2016,3,2010,64.4,88.41852349761164,-23.33333333333333,-44.386873920552674,9.73564785969021,True,down,shale_revolution
2016-04-01,2016,4,2010,70.2,96.3816824461543,9.006211180124213,-30.56379821958456,10.045530276379047,True,up,shale_revolution
2016-05-01,2016,5,2010,75.0,102.97188295529305,6.8376068376068355,-25.742574257425744,10.389526573709471,True,up,shale_revolution
2016-06-01,2016,6,2010,82.3,112.99447956294158,9.733333333333327,-24.35661764705882,10.573666855439633,True,up,shale_revolution
2016-07-01,2016,7,2010,113.5,155.8307828723435,37.910085054678014,3.7477148080438782,15.611732503950194,True,up,shale_revolution
2016-08-01,2016,8,2010,105.9,145.3962987328738,-6.696035242290743,-5.530776092774303,15.776160766504102,True,down,shale_revolution
2016-09-01,2016,9,2010,113.0,155.14430365264153,6.704438149197345,8.133971291866038,15.682554509324492,True,up,shale_revolution
2016-10-01,2016,10,2010,114.4,157.066445467807,1.2389380530973604,14.859437751004023,15.55498201759658,False,up,shale_revolution
2016-11-01,2016,11,2010,106.0,145.53359457681418,-7.342657342657343,25.295508274231683,14.922273026027476,True,down,shale_revolution
2016-12-01,2016,12,2010,132.5,181.91699322101772,25.0,55.152224824355955,16.202117184114282,True,up,shale_revolution
2017-01-01,2017,1,2010,156.2,214.4561082348903,17.88679245283018,66.88034188034189,16.59400363415901,True,up,
2017-02-01,2017,2,2010,133.0,182.60347244071968,-14.852752880921894,58.33333333333333,17.039280467705574,True,down,
2017-03-01,2017,3,2010,103.8,142.5130860101256,-21.954887218045116,61.18012422360246,16.833022009486143,True,down,
2017-04-01,2017,4,2010,120.4,165.30419610423047,15.992292870905601,71.50997150997152,17.09207434682444,True,up,
2017-05-01,2017,5,2010,119.8,164.48042104058808,-0.4983388704319025,59.73333333333333,17.185313063053083,False,down,
2017-06-01,2017,6,2010,120.3,165.16690026029005,0.4173622704507496,46.17253948967193,17.175285797980457,False,up,
2017-07-01,2017,7,2010,115.1,158.02751637538972,-4.322527015793853,1.4096916299559448,13.67311356810575,False,down,
2017-08-01,2017,8,2010,111.8,153.49675352535684,-2.867072111207647,5.571293673276667,13.521937248667246,False,down,
2017-09-01,2017,9,2010,111.6,153.22216183747605,-0.17889087656529634,-1.2389380530973493,13.416658063085478,False,down,
2017-10-01,2017,10,2010,108.8,149.37787820714513,-2.508960573476704,-4.895104895104907,13.446811490228779,False,down,
2017-11-01,2017,11,2010,106.6,146.3573696404565,-2.0220588235294157,0.5660377358490454,13.254738353754371,False,down,
2017-12-01,2017,12,2010,116.7,160.224249878436,9.474671669793633,-11.924528301886795,11.295063166210214,True,up,
2018-01-01,2018,1,2010,112.6,154.59512027687995,-3.513281919451594,-27.91293213828425,9.715135930877423,False,down,
2018-02-01,2018,2,2010,125.5,172.30628414519038,11.45648312611014,-5.6390977443609,9.576740563430757,True,up,
2018-03-01,2018,3,2010,94.1,129.19538914790766,-25.01992031872511,-9.34489402697496,10.23266486501616,True,down,
2018-04-01,2018,4,2010,96.0,131.8040101827751,2.0191285866099973,-20.26578073089701,8.921237351599355,False,up,
2018-05-01,2018,5,2010,100.1,137.4331397843311,4.270833333333335,-16.4440734557596,9.073086961893038,False,up,
2018-06-01,2018,6,2010,103.1,141.55201510254284,2.9970029970030065,-14.297589359933504,9.141732585490255,False,up,
2018-07-01,2018,7,2010,105.4,144.70981951317182,2.2308438409311515,-8.427454387489131,9.111203018025188,False,up,
2018-08-01,2018,8,2010,104.0,142.78767769800635,-1.3282732447817858,-6.976744186046513,9.082651231999405,False,down,
2018-09-01,2018,9,2010,104.9,144.0233402934699,0.8653846153846123,-6.003584229390668,9.087631449510367,False,up,
2018-10-01,2018,10,2010,108.3,148.69139898744316,3.24118207816968,-0.4595588235294157,9.100068838948298,False,up,
2018-11-01,2018,11,2010,126.0,172.99276336489234,16.343490304709142,18.198874296435275,10.142333977707576,True,up,
2018-12-01,2018,12,2010,165.5,227.22462172134667,31.349206349206348,41.816623821765205,13.144911875748942,True,up,
2019-01-01,2019,1,2010,126.9,174.22842596035585,-23.323262839879156,12.699822380106585,15.219272645879897,True,down,
2019-02-01,2019,2,2010,102.4,140.59094419496012,-19.30654058313632,-18.40637450199203,16.065828983385682,True,down,
2019-03-01,2019,3,2010,96.6,132.62778524641746,-5.664062500000011,2.6567481402762994,14.245719936500953,True,down,
2019-04-01,2019,4,2010,84.3,115.74039644174938,-12.73291925465838,-12.187500000000007,14.789223335227168,True,down,
2019-05-01,2019,5,2010,80.2,110.11126684019337,-4.8635824436536135,-19.880119880119874,14.779544612459857,False,down,
2019-06-01,2019,6,2010,76.6,105.1686164583393,-4.488778054862852,-25.70320077594569,14.760409040764422,False,down,
2019-07-01,2019,7,2010,74.2,101.87351620376992,-3.1331592689294974,-29.601518026565465,14.719205795298613,False,down,
2019-08-01,2019,8,2010,70.6,96.93086582191584,-4.85175202156335,-32.11538461538462,14.741453282527058,False,down,
2019-09-01,2019,9,2010,75.1,103.10917879923342,6.373937677053831,-28.408007626310784,14.93060716702585,True,up,
2019-10-01,2019,10,2010,72.6,99.67678270072366,-3.3288948069240987,-32.9639889196676,14.851004254654761,False,down,
2019-11-01,2019,11,2010,85.4,117.25065072509369,17.63085399449038,-32.22222222222222,15.001825189597362,True,up,
2019-12-01,2019,12,2010,81.3,111.62152112353768,-4.800936768149889,-50.8761329305136,10.652712170374492,False,down,
2020-01-01,2020,1,2020,70.7,97.06816166585625,-13.038130381303803,-44.28684003152088,9.403113962238836,True,down,
2020-02-01,2020,2,2020,59.7,81.96561883241327,-15.558698727015564,-41.69921875,8.91052924036023,True,down,
2020-03-01,2020,3,2020,55.4,76.06189754297647,-7.202680067001676,-42.65010351966873,8.947049566265001,True,down,covid_2020
2020-04-01,2020,4,2020,48.5,66.5884843110895,-12.454873646209386,-42.467378410438904,8.923175447285153,True,down,covid_2020
2020-05-01,2020,5,2020,59.9,82.24021052029404,23.505154639175263,-25.31172069825437,11.95709269681296,True,up,covid_2020
2020-06-01,2020,6,2020,56.3,77.29756013843998,-6.010016694490816,-26.501305483028716,11.996433151973216,True,down,covid_2020
2020-07-01,2020,7,2020,53.3,73.17868482022826,-5.328596802841923,-28.167115902964966,12.033536867220558,True,down,covid_2020
2020-08-01,2020,8,2020,64.2,88.14393180973086,20.450281425891205,-9.065155807365432,13.617798878305548,True,up,covid_2020
2020-09-01,2020,9,2020,77.2,105.99239152198166,20.249221183800614,2.796271637816261,14.74849811617086,True,up,covid_2020
2020-10-01,2020,10,2020,68.8,94.45954063098883,-10.880829015544046,-5.234159779614322,15.114777326046399,True,down,covid_2020
2020-11-01,2020,11,2020,97.4,133.72615199794058,41.56976744186047,14.051522248243554,18.723557880249643,True,up,covid_2020
2020-12-01,2020,12,2020,98.5,135.23640628128487,1.129363449691989,21.156211562115622,18.589924495561466,False,up,covid_2020
2021-01-01,2021,1,2020,98.0,134.5499270615829,-0.5076142131979711,38.6138613861386,17.94571998267663,False,down,
2021-02-01,2021,2,2020,168.2,230.93160950773722,71.63265306122449,181.74204355108876,25.38196453096148,True,up,texas_freeze_2021
2021-03-01,2021,3,2020,110.4,151.57461171019136,-34.36385255648037,99.2779783393502,28.236894368628054,True,down,texas_freeze_2021
2021-04-01,2021,4,2020,98.8,135.64829381310602,-10.507246376811597,103.71134020618555,28.107145032983627,True,down,
2021-05-01,2021,5,2020,112.0,153.77134521323762,13.36032388663968,86.97829716193657,27.79001150934585,True,up,
2021-06-01,2021,6,2020,113.7,156.10537456022428,1.5178571428571486,101.95381882770872,27.518808858063316,False,up,ukraine_2022
2021-07-01,2021,7,2020,139.159,191.05952346900833,22.391380826737016,161.08630393996245,27.367259820704383,True,up,ukraine_2022
2021-08-01,2021,8,2020,152.782,209.7633362890078,9.78952133890012,137.97819314641745,27.21714538645962,True,up,ukraine_2022
2021-09-01,2021,9,2020,172.735,237.15797603043396,13.059784529591179,123.75000000000003,27.060468699689775,True,up,ukraine_2022
2021-10-01,2021,10,2020,216.688,297.50361831755384,25.445335340261078,214.95348837209303,26.557816545346757,True,up,ukraine_2022
2021-11-01,2021,11,2020,224.853,308.7138239752868,3.768090526471246,130.85523613963036,25.04372213704258,False,up,ukraine_2022
2021-12-01,2021,12,2020,192.179,263.8537799262035,-14.531271541851787,95.10558375634517,25.924983908125803,True,down,ukraine_2022
2022-01-01,2022,1,2020,176.755,242.67726895683762,-8.025850899421894,80.36224489795917,26.249198840809235,True,down,ukraine_2022
2022-02-01,2022,2,2020,227.961,312.98097880495413,28.97004328024668,35.52972651605233,18.588029399138225,True,up,ukraine_2022
2022-03-01,2022,3,2020,180.84,248.2858041818026,-20.67064103070262,63.804347826086946,16.27975291171979,True,down,ukraine_2022
2022-04-01,2022,4,2020,217.004,297.9374731844055,19.997788099977875,119.63967611336032,15.951703687336762,True,up,ukraine_2022
2022-05-01,2022,5,2020,286.755,393.70269729126744,32.14272547971466,156.03124999999997,17.39035558101195,True,up,ukraine_2022
2022-06-01,2022,6,2020,316.087,433.97431423586283,10.228941082108411,178.00087950747582,17.208278055393126,True,up,ukraine_2022
2022-07-01,2022,7,2020,264.762,363.5072223334573,-16.237618124124054,90.25862502604936,18.301537051791442,True,down,ukraine_2022
2022-08-01,2022,8,2020,342.313,469.9815222676697,29.2908347874695,124.05322616538595,19.404831211863836,True,up,ukraine_2022
2022-09-01,2022,9,2020,315.009,432.4942650381855,-7.9763257603421405,82.36547312357078,19.910859576112383,True,down,ukraine_2022
2022-10-01,2022,10,2020,203.859,279.88993449844116,-35.28470615125282,-5.920493982130981,22.3303968415077,True,down,ukraine_2022
2022-11-01,2022,11,2020,178.276,244.765538743171,-12.54936009692974,-20.714422311465707,22.693914239572518,True,down,ukraine_2022
2022-12-01,2022,12,2020,233.664,320.81096078487457,31.068680024232066,21.586645783358204,23.751137707565196,True,up,ukraine_2022
2023-01-01,2023,1,2020,192.654,264.50593518492036,-17.550842235004104,8.994936494017146,24.35015307789115,True,down,
2023-02-01,2023,2,2020,118.188,162.267212036269,-38.65271419228253,-48.15428954952821,25.69552199538442,True,down,
2023-03-01,2023,3,2020,88.073,120.92056863362033,-25.480590246048674,-51.297832337978335,26.045270803712075,True,down,
2023-04-01,2023,4,2020,68.008,93.37215754698093,-22.782237462105304,-68.66048552100422,25.59735873890677,True,down,
2023-05-01,2023,5,2020,66.631,91.48159377592175,-2.0247617927302564,-76.7637879025649,22.685534265625545,False,down,
2023-06-01,2023,6,2020,68.081,93.47238351305742,2.176164247872614,-78.46130970270842,22.178582663213245,False,up,
2023-07-01,2023,7,2020,84.116,115.48777208889906,23.552826779865143,-68.22957977353245,24.006107669797515,True,up,
2023-08-01,2023,8,2020,84.131,115.50836646549013,0.017832517000337944,-75.42278557927979,21.40100424579499,False,up,
2023-09-01,2023,9,2020,81.922,112.47550127284688,-2.625667114381147,-73.99375890847564,21.47512161001691,False,down,
2023-10-01,2023,10,2020,82.865,113.77020108120477,1.1510949439710982,-59.35180688613209,19.832843894736847,False,up,
2023-11-01,2023,11,2020,91.431,125.53096307313865,10.337295601279184,-48.71379209764635,20.170771749485176,True,up,
2023-12-01,2023,12,2020,91.617,125.78633334286779,0.20343209633495452,-60.79113599013968,17.111665605669895,False,up,
2024-01-01,2024,1,2020,106.702,146.4974114012757,16.46528482705174,-44.61469785210792,17.822146172028084,True,up,
2024-02-01,2024,2,2020,80.983,111.18629329824662,-24.10357818972465,-31.479507225775883,15.534575063331713,True,down,
2024-03-01,2024,3,2020,51.456,70.64694945796745,-36.46073867354877,-41.57573830799449,17.274084831401584,True,down,
2024-04-01,2024,4,2020,48.926,67.17336460627557,-4.916822139303489,-28.058463710151738,16.13126703609604,False,down,
2024-05-01,2024,5,2020,57.416,78.82978175681474,17.352736786166844,-13.829898995962841,17.004093711985533,True,up,
2024-06-01,2024,6,2020,73.342,100.69551786276136,27.7379127769263,7.727559818451546,18.774542166839304,True,up,
2024-07-01,2024,7,2020,75.79,104.05652012242214,3.3377873524038204,-9.898235769651432,17.571680077555165,False,up,
2024-08-01,2024,8,2020,60.111,82.52990475100826,-20.687425781765413,-28.550712579191984,18.630296898348206,True,down,
2024-09-01,2024,9,2020,62.651,86.01721918709421,4.225516128495621,-23.52359561534142,18.68143839698521,False,up,
2024-10-01,2024,10,2020,75.832,104.11418437687709,21.038770330880574,-8.487298618234485,19.690931150854862,True,up,
2024-11-01,2024,11,2020,72.752,99.88547238351306,-4.061609874459327,-20.42961358838906,19.522224739836627,False,down,
2024-12-01,2024,12,2020,108.064,148.36738079574383,48.53749725093468,17.951908488599265,24.031036459748048,True,up,
