,All,Coal,Petroleum Liquids,Petroleum Coke,Natural Gas,Other Gasses,Nuclear,Hydroelectric,Other Renewables,Hydro-electric storage,Other
Jan-01,100.0,53.320521033525516,5.203117058103479,0.24421566769826736,12.748839825199326,0.21594439582186695,20.66419443416854,5.669893802275537,1.8120682239926855,-0.17714658654467913,0.2983521457594596
Feb-01,100.0,52.9211140171061,3.402134728210928,0.2530571852689616,13.418746023891991,0.23891991234890791,21.65547465893829,6.175514243302467,1.8767229801371317,-0.2498762988619495,0.30819254965717113
Mar-01,100.0,51.63464768030009,3.651727429025596,0.2500773177877469,14.753231550978194,0.2557306614079486,20.66496622958561,6.8096186653453366,1.9271250752393527,-0.2570608599068196,0.30960370061222386
Apr-01,100.0,50.58670377842268,3.681327967951553,0.22547549437390096,16.485603012093687,0.25100780713394394,20.139241007051954,6.477655630234573,2.095447696517896,-0.2862495909435808,0.34414680720226987
May-01,100.0,50.44826484565312,3.2084048826591056,0.24925788373733743,16.95020166926241,0.26123823595969276,20.470428497264486,6.381534283774609,1.9095350292187478,-0.20732665095909375,0.3281285358678434
Jun-01,100.0,49.624344663008785,3.3558746879710952,0.2517592632150726,17.578289501791307,0.22368429083230085,20.758085286883496,6.3254133429357875,1.8199906009875069,-0.23619596330723175,0.29844916293859514
Jul-01,100.0,50.070746670991625,2.8102926619203945,0.27739406175373443,20.421460009954867,0.23489013293663,19.340965398446368,5.055450849239683,1.7460166548289497,-0.24355869736643418,0.28578299507289984
Aug-01,100.0,49.419619844926096,3.5718815867952385,0.26826220606531676,21.161408025735902,0.22885950779012934,18.456925563984854,5.104538597102012,1.6983642482585894,-0.19296526895040386,0.28283580679723536
Sep-01,100.0,50.22594802055198,2.095598656366782,0.2968113146688648,19.607466221829803,0.24989492683975775,20.649075193285743,4.9705306438948424,1.8799135956524147,-0.3023500548986899,0.3271114818084964
Oct-01,100.0,50.53064797410547,1.8908575189832189,0.3260567155468999,19.127755874788793,0.25005598268269014,20.513751382602617,5.169067701724266,2.0526983653056656,-0.2086627263905759,0.34777121065095984
Nov-01,100.0,51.66706102518875,1.8248044340238194,0.30150501552338543,15.950368187456531,0.25059691539934176,22.350089985444583,5.525679909942854,2.048154760624377,-0.29074978310281285,0.3728480572465171
Dec-01,100.0,51.523424201953546,1.795113520307958,0.34534003718542955,15.56190588420143,0.25204912666614293,22.072629428863223,6.332652473354806,1.9764579568963259,-0.20393065702987928,0.3440306910728782
Jan-02,100.0,51.3713465920279,1.6984381495338203,0.3928849381604733,15.131852435292755,0.2884906904710556,22.16846231023845,6.812193498176226,2.062567785935532,-0.23441822085947098,0.3088069362788764
Feb-02,100.0,50.75791445785698,1.5569890641743487,0.4524068041983352,15.721757396407712,0.2696699381888115,21.87803822216545,7.164704463037477,2.0580074230198773,-0.2079297154982152,0.3480871175831896
Mar-02,100.0,50.069906031750236,2.2928517364129446,0.42307196520233087,16.927505957712636,0.29879457542414617,20.83662481118761,6.94399915385607,2.1001556772621957,-0.22607908140499555,0.33316917259683554
Apr-02,100.0,49.09642295272005,2.2546300129723162,0.4481659352488201,16.955783721122796,0.30705749220280976,20.161256934669204,8.365419116226436,2.25739008031796,-0.20182992465016145,0.35604868758797714
May-02,100.0,49.20971804664012,2.165921833103112,0.47517672869098887,16.34029414154546,0.2957666368733241,20.48655236857073,8.665962460388398,2.1971235882018365,-0.17518485414804583,0.3383440318517917
Jun-02,100.0,48.2864792110796,1.8852100884691063,0.40085272840834785,19.245329493905103,0.29587447180981924,19.46261689094284,8.27304903188348,2.0720010087296163,-0.25306211018025176,0.33194242030596177
Jul-02,100.0,48.014373253796435,2.229636579983331,0.3685046469327099,21.994171021801005,0.28070304186695044,18.45694576219656,6.675805022775999,1.8493376875940264,-0.2615701547929193,0.392093137845899
Aug-02,100.0,48.04103730518492,2.1874816464042968,0.4119214279230937,22.552097515657284,0.29819587491257016,18.89499340605362,5.628613989844789,1.880476045554292,-0.2496089015606563,0.3547916900257885
Sep-02,100.0,49.917441190054305,2.0134086374324967,0.4241138134321826,20.575104368221346,0.3178589648000628,19.464258223431006,5.15788806413929,1.9868449252744664,-0.23454550394078708,0.377325456790198
Oct-02,100.0,51.81382079665472,2.250381848439551,0.39275839496643966,17.651656522036482,0.29570864231304084,19.70077411832905,5.5920849087634625,2.136071569307527,-0.2217814817347806,0.3885246809245129
Nov-02,100.0,52.66934422356475,1.7462621080697964,0.3756454824665024,15.242161395929662,0.30173141179250057,20.76344122312599,6.6590165041007126,2.109419825171285,-0.2247797765702521,0.3577576023490499
Dec-02,100.0,53.00861363034658,2.111540048147669,0.38542763380680595,14.19186415215156,0.31554578646323966,21.21237308902393,6.670791850606772,2.000098511855286,-0.20933769248292974,0.31246729098554954
Jan-03,100.0,53.017202307676556,3.367944583012904,0.3286655418741538,14.671816929784292,0.3751582653243233,20.23778542584703,6.0235855539213246,1.900645927208185,-0.23451046671091758,0.31170593206214237
Feb-03,100.0,52.45865483259761,3.254814552429582,0.3441949680700687,14.552095412181828,0.3782802950051629,20.364980334103038,6.60988006643297,1.9923207763434463,-0.25363493278173027,0.2984136956180305
Mar-03,100.0,50.93438749724793,3.0714682387116063,0.2878577273040941,15.345511423942796,0.4163421695140265,19.694266176388435,7.952891228554434,2.207895056799324,-0.2556544655737274,0.34536355182260603
Apr-03,100.0,49.67874690295217,2.559526309158863,0.44338526575120035,15.815940872632595,0.4566833242346618,19.868699169921193,8.66438499979003,2.335559008384776,-0.19107210347289297,0.36814625064740547
May-03,100.0,48.85886618218473,2.224389926677397,0.3940886699507389,16.053910809800193,0.4259539254418052,20.2253328781154,9.557950868978523,2.10473264075176,-0.19411793396088378,0.3488920320603489
Jun-03,100.0,49.37266880441992,2.900570135140891,0.4457032985086433,16.566472159516145,0.3757294018144536,19.526063755346918,8.696842656087425,2.031676878799126,-0.23182656209118513,0.3157952381242128
Jul-03,100.0,48.57210012927489,2.81573521084627,0.4431137084797914,20.54989903738288,0.34508915693543735,18.604098334383913,6.635487558627763,1.8720819666876782,-0.1989871686663319,0.36138206604771417
Aug-03,100.0,48.53961070253735,2.838016217235527,0.4300500764766275,21.80369602112012,0.3362876359293482,18.077817587529072,6.016510570536593,1.7783434952961636,-0.21109644436063443,0.39102604395834645
Sep-03,100.0,51.0342394533571,2.2015498118439294,0.47936472568825506,18.286418102594574,0.40509259259259256,19.677163794810852,5.718954248366013,2.022987225193108,-0.23798029312735194,0.41190087145969495
Oct-03,100.0,51.94056223328476,2.2722753071809767,0.5346530134543475,16.895035225157383,0.420876244127782,19.56569222894885,6.00767422679068,2.1346999585969924,-0.2004948800453803,0.42870043456857737
Nov-03,100.0,53.118673770508316,1.658122584912058,0.5173449895423126,15.217529971430203,0.4871301621193352,20.008930160105013,6.618725807155543,2.192589309994058,-0.23332561176632524,0.4142788559994897
Dec-03,100.0,53.1509286058852,2.4240231548480464,0.5022913651712494,13.276350699469369,0.4344548962855765,20.68620356970574,7.249155812831646,2.1306681138446697,-0.1992884708152436,0.3455137481910275
Jan-04,100.0,52.130741662001576,3.8981837908964465,0.5554818119383863,13.923981231928806,0.34108026062918056,20.43191957200487,6.63201999157399,1.987614919808626,-0.221615600814899,0.32030379805278375
Feb-04,100.0,51.38825251368206,2.4503627338678884,0.5297823596792669,16.011200203640065,0.3799159984726995,20.39646175385007,6.654575537737049,2.0647193585337913,-0.22018582156039201,0.3449153620974927
Mar-04,100.0,49.96178904964833,2.62230742328666,0.5291245158866883,16.126640156470604,0.41837752418947455,20.493050788181808,7.420048443713327,2.2670751136613863,-0.21145551338678548,0.3730424983485098
Apr-04,100.0,48.68908314977974,2.5468061674008813,0.5647714757709251,17.83521475770925,0.4628992290748899,20.174834801762113,7.188876651982379,2.373003854625551,-0.23024504405286345,0.39406662995594716
May-04,100.0,47.961390433135804,2.599731199218034,0.5269106237399963,18.9449569307838,0.39770297513592767,19.829250412364836,7.337039525933166,2.2417374305088886,-0.21045879406194637,0.3714338078074409
Jun-04,100.0,48.579915093382795,2.66166306851935,0.4801715519364794,18.744946897141286,0.38628164075517624,19.6282075430691,7.317617398611937,2.0568845356941043,-0.20806467971659157,0.35266673428285783
Jul-04,100.0,48.0987565327086,2.7394973127113524,0.46669776218290526,21.013325135424505,0.3402838879289326,19.07471404492595,6.179703815207828,1.925890197491864,-0.18365789278407343,0.344789204202135
Aug-04,100.0,48.36105841129739,2.492949986293525,0.5137892568376312,21.121813923064607,0.35012580101455054,19.288946067055875,5.860400229074555,1.9072356618056179,-0.22201775599217238,0.32569841954841916
Sep-04,100.0,48.93987879221267,2.10653652025195,0.47881247355656065,20.217387417988096,0.3995566440817348,19.644719356895553,6.115510902145867,1.9953995864395064,-0.22942476953239063,0.3316230759604555
Oct-04,100.0,50.441670667306774,1.8972635621699472,0.5562489998399744,18.31621059369499,0.4061449831973115,20.012802048327732,6.037125940150425,2.192670827332373,-0.22499599935989759,0.36517842854856775
Nov-04,100.0,52.113697074819356,1.7444497039069715,0.5309482590259549,16.44913456095809,0.4025143908825194,19.510362428459356,6.9304636528843,2.1489501855339768,-0.22012505751387781,0.38960480104335965
Dec-04,100.0,51.69060792869091,2.3971481043901415,0.5565173652134243,15.005205469837518,0.3523927614725046,20.066501339384935,7.665200556809808,2.054113490940143,-0.19008738170716016,0.4024003649677729
Jan-05,100.0,51.5893810055345,2.990490235223143,0.5621923461402829,14.962068774572234,0.3281641170316011,20.350838333998794,7.073889385960055,2.0412624118022507,-0.21129572366599536,0.31330055578061383
Feb-05,100.0,52.20033500837521,1.8676716917922949,0.5829145728643216,15.046231155778894,0.3604690117252931,20.417755443886097,7.238525963149078,2.084087102177554,-0.11591289782244556,0.3182579564489112
Mar-05,100.0,51.53847123083999,2.038694882472642,0.5922043230915586,16.347674338022667,0.38241279161337877,19.384926509963524,7.2248927417170155,2.3212519451391995,-0.15655614285984287,0.3263423822993908
Apr-05,100.0,49.41359708801569,1.8210262396308907,0.5798412775156961,17.963683079962152,0.38713643364806155,19.161354045074972,7.963061451433544,2.4868594636036496,-0.1167280237047679,0.33947824645499064
May-05,100.0,48.865937498016265,1.5308098088630173,0.6001993258469762,17.401654277570763,0.3780208339945788,19.986542331350655,8.658295827487922,2.394449346477836,-0.14790739600459593,0.33199814639658226
Jun-05,100.0,48.083712796145974,2.403264480080952,0.5617699465452385,20.797586836490023,0.31594403748432653,18.1878175938758,7.364603268879649,2.0996942299654635,-0.1141138168459491,0.2988957082205944
Jul-05,100.0,46.25976324594679,2.7441495100354487,0.4959306343437557,24.067923852896282,0.2886092563774939,17.66706274827605,6.452567155719733,1.8805590219601567,-0.15536674008263024,0.2990499013110467
Aug-05,100.0,46.321315944791955,3.065631783395606,0.5220513605685767,24.8893048616959,0.28942487917992993,17.627753178858153,5.325714116377448,1.7869269844248914,-0.15384957314769312,0.32622036296645684
Sep-05,100.0,49.014042681986645,2.9844268427093983,0.5216750709558047,20.945525358490997,0.3269392207139553,19.056416289282677,4.95805469735993,2.082702773700952,-0.19416477736723983,0.30409630572957413
Oct-05,100.0,51.33945220892673,2.650143174103502,0.5666913191613095,17.68057952325868,0.3413422335160146,19.35410464035803,5.690933571008666,2.2699258528814976,-0.193111208035449,0.2999386848210166
Nov-05,100.0,51.87527563170704,1.6983813272789638,0.5448932590693041,16.150793002629733,0.31524100419776885,20.552080100615782,6.322133838590073,2.3919115365140553,-0.1809777371249367,0.330594711137971
Dec-05,100.0,51.12452994964105,3.219467913048225,0.5248476735200416,15.51072820819245,0.30508386933677295,20.607524827564415,6.360510311662419,2.2280889741770347,-0.19477105782517143,0.3142766036294064
Jan-06,100.0,51.49304139865757,1.2919204766048598,0.5750658739479946,13.32905330160836,0.3520376805067882,21.880495834575758,8.348191737307474,2.5664976966938275,-0.16217466180649795,0.32617492956203714
Feb-06,100.0,51.61046812415198,1.0597625377034032,0.5424083974060709,15.425938639846681,0.3624732781705837,20.373991728841354,8.057058630215435,2.3993518431147973,-0.1454448432156651,0.31431704372781316
Mar-06,100.0,50.61494054528911,0.7551846390361748,0.5041884981018416,17.231512565494306,0.38716154739120884,19.9921563705958,7.725974963134942,2.5723966994007466,-0.13647915163304364,0.35359081354124183
Apr-06,100.0,47.481014443123904,1.0202848337127086,0.5542909708653116,18.83145660012489,0.396161929510035,19.326994742461174,9.587118694142847,2.6388413270753177,-0.19707377340880552,0.3609102323926166
May-06,100.0,47.4901396181673,0.8777554625305489,0.4591429331913761,19.83751542575072,0.39169308200450065,18.98758680765601,9.321387954605948,2.430614368330631,-0.13429477097297166,0.33845911873593537
Jun-06,100.0,46.585680557843304,1.1145884807555044,0.46834678526327345,22.253335529566794,0.3203755559215945,18.775325317081208,8.169164882226982,2.1363860978422005,-0.11612584417723604,0.2923735793114808
Jul-06,100.0,45.76300920274547,1.2477431710365698,0.4583098818042936,26.33734628588693,0.30870740044978207,17.588281301395398,6.198269581722183,1.9786999203257143,-0.15545013534882474,0.27459608548295533
Aug-06,100.0,46.46203799756231,1.611475293246322,0.4384900052236225,26.140674852794394,0.31685071965823286,17.66123949451029,5.328585477348362,1.9359284682523916,-0.17044214408860048,0.27491459499758436
Sep-06,100.0,48.66362500188222,0.9164144494135008,0.4824501965035912,21.885832166357982,0.3472316333137583,20.069566788634415,5.180165936365964,2.3249160530634985,-0.18942645043742753,0.3186219150441945
Oct-06,100.0,50.18860766185584,1.0430174738079467,0.47828290838301196,21.967428249789315,0.36850796257078616,17.88398685188468,5.303715866366885,2.5795557379955034,-0.15766543208724776,0.34425174224967114
Nov-06,100.0,51.57216836643927,1.085202112828674,0.4502537529232531,17.285603847858223,0.34448293596498886,19.85774310306347,6.557143735100708,2.6859965260594065,-0.17887236017712568,0.3402779799391252
Dec-06,100.0,51.596125882069565,0.9233294576294371,0.435942346178665,16.69070396065219,0.31758964919427984,20.961511583993246,6.4219719700371405,2.5291198187241104,-0.19834484645373093,0.32234754656048625
Jan-07,100.0,49.709643567325074,1.2502439672899972,0.4452226254557592,17.388856988496055,0.3264211625006011,20.933383493951023,7.36710500635022,2.4518359068935967,-0.161796278119882,0.2890835598575514
Feb-07,100.0,50.6150419206138,2.3500293908362466,0.39816848683599915,17.826934381090865,0.30349905639946784,20.179129412492653,5.7442069114871765,2.436964390681558,-0.13829161897101136,0.2843176685332426
Mar-07,100.0,49.86753871645172,1.284983664668566,0.40471680744903593,17.53793634993494,0.3850582423994683,20.065778182737283,7.539839798296883,2.739093396906428,-0.1429146475032062,0.3176574479438077
Apr-07,100.0,48.2467860217927,1.2634884818014773,0.41236569249395477,19.844026800471088,0.3836650402963755,18.90317323647688,7.881463007498457,2.8677559718799586,-0.12337981519419125,0.3206555624832992
May-07,100.0,47.70186824468585,1.0566227441906948,0.41913610718255134,20.1300412170695,0.3558417094938568,19.692431625394075,7.8881778784565855,2.6108181936566295,-0.16565567241969334,0.31071795228995497
Jun-07,100.0,47.832007828975485,1.1613899188157295,0.43114498766385023,22.46998663009469,0.3181210458849637,18.999875949332193,6.289920194070378,2.356687020165125,-0.14417444280575042,0.2850408678033383
Jul-07,100.0,47.060469043247394,1.0490150702140755,0.3481458499692289,24.790578445982717,0.2934699129762528,18.498013864800395,5.716305635944724,2.1288012491544306,-0.1513124767945151,0.26676771118898546
Aug-07,100.0,45.07737134213852,1.351835124479311,0.35206509292384724,28.766918683632177,0.2683755455823536,17.247870421079334,4.727629641747097,2.1088343444832467,-0.15433964679691892,0.2536765316016946
Sep-07,100.0,47.66287556908671,1.0261850228197438,0.3626960500177268,24.910943910139167,0.31514319318840495,19.015233796856446,4.148353658193442,2.488224336933094,-0.2090637433383794,0.27997096180577047
Oct-07,100.0,48.77531079476272,1.06970521473776,0.35747034860123567,23.55816785172046,0.34093471430933664,18.5469687175864,4.448386272417059,2.814665604377433,-0.22849240112442315,0.31718353050824527
Nov-07,100.0,50.74195407239027,0.6370521771520807,0.3613464373151482,19.304814025972373,0.32823627918230647,20.66169377560864,4.992629806146391,2.8745347863598885,-0.21075889119174285,0.3078607972544038
Dec-07,100.0,50.197811083196164,0.8094371769326288,0.4077507291576425,19.292500505356784,0.29512836062259956,20.78691270322562,5.296716624794247,2.7586704785006786,-0.16315804672384418,0.31851916024141613
Jan-08,100.0,50.379340933007896,0.8625391875437329,0.37631061328161586,20.00011019344459,0.2928390790031901,19.48633325803448,5.724273962941945,2.8217786323891594,-0.20551077416404495,0.26198491451743533
Feb-08,100.0,51.26512583588122,0.7499092603643119,0.3786457340067547,18.468437986379826,0.2989794097924985,20.033466008009697,5.779345813365487,2.8756774713478066,-0.1387239854078362,0.28882887427485193
Mar-08,100.0,49.515756399593386,0.6505868219203401,0.3200566799125158,19.151341527277207,0.32313710994054773,19.93531096941133,6.674983827742354,3.296984259002557,-0.1703477805501648,0.3018821427471275
Apr-08,100.0,48.05486080460334,0.7434652542788485,0.368136269269122,20.6123616628251,0.3338073986889641,18.74454416163994,7.269220080754581,3.5868765631896427,-0.04315629444362709,0.329557157569516
May-08,100.0,47.630555427447,0.7203800212147765,0.3243708588909899,19.145567187812265,0.32098879306369044,19.93143630186475,8.369383080447047,3.41281188027487,-0.18047933096588725,0.3249857799504988
Jun-08,100.0,45.842635798117975,0.9935434417288246,0.3363628323090571,22.679699498001924,0.3033965945608388,18.84677131883712,7.819966819347697,2.987062761820272,-0.09970276782387988,0.2899956849070915
Jul-08,100.0,46.34723256391164,0.7403822288409034,0.2913874410523703,24.899726979399357,0.2913874410523703,18.44576818069,6.3427649540829,2.564656242243733,-0.19831223628691982,0.27500620501365103
Aug-08,100.0,46.422116934499094,0.6547776660916689,0.32494659204549253,25.623735497587326,0.2948684660412816,18.668233128613554,5.457508862764051,2.4458400923424177,-0.1665865440233221,0.2740451480383663
Sep-08,100.0,47.73055351776037,0.8844688453983957,0.34935040348344654,23.409139314196466,0.24345078921835434,19.8351752372388,4.7855976524599475,2.6397993231890573,-0.152933241829756,0.2753981588849185
Oct-08,100.0,47.6667493336933,0.6099570863954142,0.4216018358358421,23.005396377928534,0.25302388658502517,19.720794733587194,4.856426210260966,3.3423639211796066,-0.15602093254684551,0.2797075470809645
Nov-08,100.0,49.76068067319043,0.7066693329376931,0.37220283441811863,19.820929797513916,0.2325461383149597,20.45115886029815,5.0534436825503315,3.4775484928042935,-0.1577185320887868,0.2822161872754365
Dec-08,100.0,48.78946664417938,0.9470831467470007,0.3306212888705372,18.71601463224561,0.2189602731042344,21.207160262636013,6.066042838283445,3.602812461834614,-0.14481037982192393,0.2666488319210929
Jan-09,100.0,48.43053243303389,1.3994642147873337,0.32000630998357715,18.70177721814233,0.2273284261943193,20.87421442112943,6.617031885135763,3.3068257683954334,-0.1411295433994473,0.26366717090196146
Feb-09,100.0,46.83352886631859,0.7534389986938619,0.3493005679873175,20.65193910006082,0.26056293558711413,21.3458873264714,5.919830368211322,3.732630522422039,-0.13726083213964047,0.29080684775347554
Mar-09,100.0,43.63447873974173,0.6725627247644098,0.4056625338454555,21.958255393540952,0.2685099628786586,21.648535268493866,7.027298512892663,4.169309375633848,-0.10141563346136387,0.31680312166978425
Apr-09,100.0,43.495304572472605,0.5726383847314851,0.39649509389128157,21.123034361756872,0.26179728324877305,20.518275729872176,8.900416872454988,4.485091715393887,-0.09394308844810853,0.3408890746260409
May-09,100.0,42.29696825631372,0.659479740191323,0.3713388113303309,21.89035868245392,0.2483087380262507,21.006662255144455,9.495480331249638,3.811041226317514,-0.1121083435590705,0.3324703025319139
Jun-09,100.0,42.59559682216431,0.6011655132342705,0.331647768784265,24.220642125307055,0.2519717653556081,20.05850577291476,8.408550932238004,3.298356430745158,-0.0650064143497345,0.29856928360630275
Jul-09,100.0,42.4741371442683,0.570137058371942,0.3312378201652431,27.351010087453226,0.25929962259288886,19.58141632352862,6.277144590408598,3.002882896425101,-0.13179722017920129,0.28480010307562637
Aug-09,100.0,42.82555263220022,0.6424095209865144,0.31294183688726485,28.65529443551116,0.26546281553219786,18.95094971158462,5.136128387470785,3.092956578992238,-0.16079911652296175,0.27910319735796296
Sep-09,100.0,41.88899850641874,0.5122159064877627,0.3591925498089499,28.138887785926126,0.3121554301911112,20.08301746176707,5.302060775623777,3.214406797780092,-0.10629167290264843,0.29535645889902595
Oct-09,100.0,45.58233454924439,0.5911281917665451,0.24296508598228242,23.646104742053154,0.3126628452318916,18.89688639916623,6.413170922355393,4.125846795205836,-0.12539082855653985,0.31494267847837415
Nov-09,100.0,46.12065332816424,0.4433057461189677,0.2551957793247594,21.334299728622717,0.30677431860704235,19.913024423955367,7.082104269556863,4.318438485006826,-0.11124782982453182,0.33711463583191464
Dec-09,100.0,47.48378777028704,0.4188218780224075,0.27217716051319946,20.424699078763048,0.2653299363493454,20.173634192755067,7.05549389883797,3.7263164501707524,-0.10927028561483793,0.2892952209228346
Jan-10,100.0,48.01679978501595,0.8829306537897865,0.3216449604800572,20.548985059162174,0.2518305504533781,20.104610798516166,6.201015633441102,3.5475139698080382,-0.15652833994076856,0.2809198879644944
Feb-10,100.0,47.86588893927784,0.3912615134408182,0.35091560198289207,20.70402051699063,0.2580261779285971,20.40596118660766,6.4397078830906835,3.40938589769653,-0.10977841024598495,0.28429793422678157
Mar-10,100.0,46.25906563132672,0.4074728992081187,0.38376771482022504,20.31950744470926,0.32354373286179233,20.70519720150688,6.690628123318214,4.694267189462085,-0.1041106071089926,0.3209810102252633
Apr-10,100.0,44.111188325225854,0.423905489923558,0.3707435719249479,22.461431549687283,0.3276580958999305,20.01772063933287,6.635510771369006,5.422863099374566,-0.11640027797081307,0.3460736622654621
May-10,100.0,43.68901249024199,0.5644394028103045,0.34854361826697894,22.463224531615925,0.31012148711943793,20.32652712724434,7.647528786104606,4.461541276346604,-0.13447745901639344,0.3232338017174083
Jun-10,100.0,44.04179274481782,0.706836030540852,0.354748655388161,24.555100476635292,0.25654741469931525,18.17681013628416,7.944986014972362,3.78141308657943,-0.12561242711418757,0.30684561114969966
Jul-10,100.0,43.834279089633284,0.7248764415156508,0.35169931051314907,27.975837451949477,0.23503569467325644,17.551528464213803,5.983769601562023,3.198974922203917,-0.13594484105192506,0.27969979864543293
Aug-10,100.0,43.470764324356054,0.5916103344713904,0.2829653398029759,29.62967492002622,0.2594867982117177,17.504720165132408,4.920466440359613,3.203842654640436,-0.14674088494536347,0.28320990794455153
Sep-10,100.0,42.984582929965754,0.4840410929214408,0.320189570720571,26.87627331705414,0.27568668814749525,20.04681472062882,4.9892355040529415,3.822335245416059,-0.12166047768353827,0.3225014087763152
Oct-10,100.0,42.95582308449245,0.3965302788702297,0.3270319335154147,25.246085846694445,0.26240496750789977,20.37892836149532,5.742706733220534,4.47874617190773,-0.14224427694116348,0.353986899237142
Nov-10,100.0,44.17666089343486,0.39867978170648016,0.2810365674324368,22.622463318192214,0.2963955426293258,20.47482108427829,6.392601548968988,5.157347799091533,-0.15260939184993955,0.3526028561158132
Dec-10,100.0,46.18868383045353,0.6613847933966459,0.3114998108356645,21.42196349818706,0.26289700347123457,20.34773099450733,6.3981729762868005,4.241423399490222,-0.14636072672243103,0.3123282677793764
Jan-11,100.0,47.06976564739082,0.5241517670142639,0.4285257611499372,20.46286293789546,0.2562887188871007,20.046462664520824,7.035814281619965,4.062589563261977,-0.18160673736193478,0.2951453956215966
Feb-11,100.0,44.17089551523823,0.3886601921903892,0.3886601921903892,21.053438381231896,0.2577229047638817,20.69096564652681,7.706457763144028,5.14679347357462,-0.13189536513938435,0.3279819370415199
Mar-11,100.0,42.3096231683976,0.40036396724294815,0.44429104828841265,20.691851526466067,0.29650779705688557,20.602428540052085,9.76875529478209,5.224184995764174,-0.10950393774905086,0.3708700699695648
Apr-11,100.0,41.16653053395987,0.48247194949752154,0.3191127013468871,23.15766151566959,0.3035704247009765,18.03796945115922,10.315442078564555,5.993697110789978,-0.1541000195105175,0.37731356708476493
May-11,100.0,42.36407232995909,0.41899959212429083,0.31610367458934335,23.249842411657827,0.2703721556849222,17.61683167093082,10.069277071205212,5.4500846651093235,-0.12885164448070008,0.3738860667185781
Jun-11,100.0,42.98161407783492,0.3736467542497559,0.3317678603964354,24.662589366568135,0.27547610047671234,17.749580531209293,8.743170884922783,4.700225982862286,-0.15419047282358925,0.3361189143032739
Jul-11,100.0,42.17553195300614,0.4093691559209254,0.34392741220894546,28.570814415335345,0.2622446518093209,17.278769886289,7.472061868720041,3.343738729809192,-0.16909764433606483,0.31263957123715946
Aug-11,100.0,42.13440718701339,0.3185645652885162,0.31954854850176256,29.484073001714588,0.26739743819970435,17.549094612445913,6.3378358765199465,3.4572250197411636,-0.17022909589162408,0.30257483807326246
Sep-11,100.0,41.70703486806479,0.3311326868502742,0.38617350879321516,27.147257872169174,0.2971020711328644,19.781848957331526,6.326143502667704,3.861143251137066,-0.17252042576739038,0.3349796260183292
Oct-11,100.0,41.019569224390104,0.3608693257833683,0.3070952610795629,25.532638589694166,0.3048276800378362,20.517397205692276,6.409803724663831,5.361209462939627,-0.19468802943968072,0.38095361501009073
Nov-11,100.0,39.94153277518727,0.3558016718074856,0.23051476149449857,24.80779475307627,0.3100933239505166,21.201438990864908,6.800678719640121,6.11275164254099,-0.15060736200353828,0.3903295604764191
Dec-11,100.0,39.59283969738488,0.35086674212188,0.2999344731041878,25.651396914278905,0.2993387740513493,21.39661642937988,7.068564960981711,5.118544111514862,-0.1516054089473998,0.37350330612974325
Jan-12,100.0,38.02094684943126,0.3475433398325901,0.38200314556175374,26.731678869953996,0.29953523441503743,21.31824955968026,6.8056643673827635,5.862290369515147,-0.10249583242520455,0.3348786249064873
Feb-12,100.0,36.805445571755946,0.2931584510115098,0.321278390634444,29.286755508437594,0.33743927547521085,20.63648028856876,6.556147762202276,5.493407975073452,-0.07660259414523464,0.3464893709860402
Mar-12,100.0,34.140865120191535,0.3141479827881847,0.18441230709502085,29.845999547057488,0.34811867093726745,19.97120579766411,8.38170112265036,6.5356368695202045,-0.09091203209421204,0.3688246141900417
Apr-12,100.0,32.61366600164618,0.32686490825765757,0.18223142035504641,32.12048951830613,0.3580271585785949,18.924631387837916,8.90664534988094,6.28766144247347,-0.08976082972878681,0.36920492228067026
May-12,100.0,34.46582034732375,0.3203413804989956,0.1934529116000428,31.901009164497378,0.29775701601112575,18.44815699699271,8.511036622329993,5.615780527523208,-0.11024735822368029,0.3565952287558392
Jun-12,100.0,36.37802258712672,0.3619483128940622,0.21118270629806696,32.03713711633063,0.26938266472666805,18.0530728192337,7.388069008522137,5.118547772465877,-0.14051132820619414,0.32314834060832814
Jul-12,100.0,38.69612508169718,0.3692350732320248,0.19510853967649122,33.48993466637404,0.25130172848319393,16.67201265673197,6.38890027758953,3.7926784857262064,-0.1492857676881929,0.29374808569340705
Aug-12,100.0,38.45868081880212,0.3037654788981552,0.23148850138994184,33.29188779378317,0.265352539802881,17.589588071771544,5.821076573161486,3.8741470811220617,-0.13368713671973717,0.297700277988375
Sep-12,100.0,37.53564106089316,0.29230153084707666,0.2636093560400017,32.28228317981027,0.27018464609995635,19.2808425935335,5.261427555247381,4.603300795610097,-0.12881590981093052,0.3392251917294806
Oct-12,100.0,38.82503561664934,0.3404438283726721,0.23872781179007352,29.4318663124254,0.2871792897205858,19.16977911259995,5.295008535161013,6.168739491484091,-0.1212891301836664,0.3641882612657708
Nov-12,100.0,42.07094674092085,0.322247496535676,0.2693021674902607,26.20107459408581,0.2859701414490025,18.53511386513975,6.122375611159045,5.953734933458834,-0.13367061468873376,0.37257824143070045
Dec-12,100.0,40.06723743780537,0.36905882528725326,0.23906644553020454,25.098689617045437,0.2877762338069837,20.495166375304436,6.8683789800827775,6.395326250989884,-0.17212784078174728,0.3514276749294007
Jan-13,100.0,39.575375322021856,0.496608561841091,0.2985955692085498,25.37747122220726,0.32782469402550957,20.46210673215519,7.114999412551903,6.166199096189611,-0.13325042195966955,0.31464293185315517
Feb-13,100.0,39.88887023452836,0.3648362434135758,0.27992302923855766,25.920485070771775,0.3125322863932224,19.85064314495299,6.592235768157867,6.5638237421221195,-0.10331645831180908,0.3293212108688914
Mar-13,100.0,40.145790245206655,0.30424186921287405,0.3094662245427921,26.037265019253287,0.3288270707654295,19.34455852660887,6.310406608502177,7.0098555926723805,-0.1419795389660079,0.3512610671821364
Apr-13,100.0,37.36140017973294,0.3324057153738479,0.29766180140512405,26.06996221599356,0.34075761777017566,18.96449773329369,8.384307777625589,8.00479733273645,-0.09755021998910912,0.34209392215358814
May-13,100.0,37.097865630315745,0.3312059995778443,0.41749959646879153,26.017209053998684,0.3377245806379518,19.508561069792275,8.831125293336148,7.218242093892401,-0.10367647971790066,0.3445535703199692
Jun-13,100.0,38.753948035860915,0.29005977753676193,0.3662880475754085,27.917202646690377,0.29370304044302076,18.617073450982698,7.674393186537863,5.87237930290368,-0.10032985541851283,0.3152823668877847
Jul-13,100.0,38.715600512604915,0.3692578878854034,0.34291850493610165,30.58686171317425,0.290746265632677,17.864939748661506,6.902691175800185,4.708924492080457,-0.08610952118040957,0.3041692204049174
Aug-13,100.0,38.783137721069544,0.2792730594934672,0.3560991055994767,31.44573122303951,0.29666273884854366,18.51715349117279,5.614790052065219,4.511453829103575,-0.12068956567329206,0.3158692503750461
Sep-13,100.0,39.041945673884925,0.28274686822646733,0.35841978524143475,29.935678020537278,0.31882349145453315,19.299233591735813,4.974761029034349,5.570171965237387,-0.12876128127740577,0.34668755004531576
Oct-13,100.0,38.42057632769707,0.3000714455822815,0.3410335794236723,28.129554655870447,0.34039850758117013,20.063189648328965,5.461300309597523,6.686671429705486,-0.11844089862665713,0.37628006668254343
Nov-13,100.0,38.44979970750938,0.3144274178164939,0.2702359000445095,26.796909773001843,0.33700006358491763,20.65715012399059,5.619952947160933,7.321803268264768,-0.1313028549628028,0.3633878044127933
Dec-13,100.0,40.184578254551425,0.4073412063305016,0.2869517677418624,26.32591262276182,0.28496888287099065,20.195399140561044,5.984913078825339,6.125981173924497,-0.11925636151956964,0.32321023395208787
Jan-14,100.0,41.64256688517724,1.5673914714606454,0.3069574368258799,24.138305796406108,0.24731544780530731,19.393719300942873,5.734643513204736,6.757569893784245,-0.07687189695984901,0.28813707584605475
Feb-14,100.0,44.17922780232282,0.5694518524913132,0.28241358791664484,23.41473791957379,0.25189072197368867,19.3123414121296,5.363391676198639,6.474855633010325,-0.1371987408547019,0.288888135237878
Mar-14,100.0,41.119458985416834,0.6033373415184693,0.35742162189855375,23.553060234282942,0.2609840847927045,18.804415633730233,7.310266679926827,7.7906461616353395,-0.12687563475488292,0.3275862588564316
Apr-14,100.0,36.71731154326878,0.3060867929092693,0.28290349026301287,25.798983966562282,0.286935368984101,18.944790140712566,8.547582888706708,8.895668418293978,-0.1270041797142742,0.347077559906998
May-14,100.0,36.58116710140152,0.29564023047619636,0.33382709357937174,27.445576021113638,0.29071289330159306,19.385068320609513,8.17445237266683,7.336189135837447,-0.18508310262103542,0.3421419750615147
Jun-14,100.0,38.44651240778001,0.24843505477308298,0.31606304493628434,27.517885088307626,0.27079141515761235,19.0414710485133,7.194276771741561,6.836575005589091,-0.18248379163872122,0.31047395484015206
Jul-14,100.0,38.78607996889378,0.2571447087032597,0.272179379171797,29.831637612598016,0.27710452984252476,18.648175750113406,6.313783941416629,5.454993195515521,-0.14127405871298035,0.2999157540016849
Aug-14,100.0,38.6254771203397,0.26383096084946284,0.2695551039842638,31.834041479222662,0.29531374809086813,18.50693531978446,5.153550139591036,4.949042116684057,-0.21855819241967336,0.3208122038731634
Sep-14,100.0,37.10394459269807,0.27332935157098176,0.2998090519384612,31.359026488526936,0.33129047348646445,19.87007293686357,4.72927448563182,5.852896437891863,-0.1594666399908204,0.33923438359670827
Oct-14,100.0,35.38621001023789,0.28869571852803333,0.19362961738278892,31.05863575375654,0.34401846635168737,19.837020456698824,5.455649597161371,7.223116006079143,-0.14244017830458033,0.35482865845516
Nov-14,100.0,37.521378558762294,0.3033156845390893,0.24410140759895557,26.569572050861286,0.3379623359402314,20.517117020639954,5.866308021329739,8.443388946458324,-0.16724883540005858,0.3637898397119918
Dec-14,100.0,36.87495006702115,0.2802164798063636,0.33998810485481706,26.938657150550522,0.34117170139043,21.708048160543033,6.607131760925336,6.69353430802508,-0.14203158427355284,0.3586297502907209
Jan-15,100.0,36.74570609760496,0.5346050664025546,0.29019039930309914,28.211999900125672,0.3456761353075158,20.604628065240128,6.696573478373047,6.4144285107905885,-0.1528632026921679,0.3090555495446008
Feb-15,100.0,37.949347870267424,1.5603892455379025,0.32875467728245406,27.32847971882509,0.30633958564955943,18.96645506820165,6.66056976174252,6.742758431063132,-0.13628375712799914,0.2928905306698227
Mar-15,100.0,33.4515315404207,0.3271520810079121,0.22108203777820262,30.6955604753418,0.3364023754756193,19.902625233569935,7.4868799990133015,7.382660014677134,-0.1261123479097418,0.3222185906251349
Apr-15,100.0,30.250155518616346,0.3123969582938163,0.27500450409107446,31.564670249543642,0.33279284240440277,20.32245892778837,7.638598530816481,9.006142560431304,-0.07274531999442513,0.3705252280089878
May-15,100.0,32.46076060945594,0.3156532345921183,0.28616743588390664,31.542045197073765,0.34110413452973254,20.431175490162605,6.246333673713255,8.126286123983128,-0.11483942654777164,0.3656239039818243
Jun-15,100.0,34.66908326505616,0.2869020919024643,0.22648713216531077,33.5366476042296,0.30841974879514916,18.901330508451196,5.631557023170103,6.223844322511055,-0.10979522363190461,0.32579939474693304
Jul-15,100.0,34.728550563621155,0.29984895202666434,0.2753816770070031,35.26308562297927,0.308337598462057,17.82915350718414,5.246482829215924,5.855668043991162,-0.12807869474577754,0.321070568115146
Aug-15,100.0,34.33339621968071,0.2786545041071583,0.26514243757680206,35.49237460547315,0.3049138032133224,18.461816939542423,4.875051626291932,5.818091892250193,-0.15959535184911355,0.32989837906190567
Sep-15,100.0,33.69199577372284,0.28727262343299353,0.29355492732516636,35.155487021331275,0.34552671406950514,18.982837888003658,4.595790856392244,6.467060738456267,-0.15534424169736427,0.33581769896341984
Oct-15,100.0,30.991640242144708,0.3026808878639377,0.2648858140354249,35.26792863777586,0.2901892956663784,19.400723871752987,5.326543031933634,7.9139041030075905,-0.14189167547484063,0.383716088530156
Nov-15,100.0,29.00036239232127,0.33080766941841017,0.23771606395393297,34.03462342783239,0.2998879576034231,20.03597325611163,6.429305237400218,9.330771097716264,-0.0947539555620572,0.39597179324354426
Dec-15,100.0,27.57629353908349,0.29210934996425664,0.23079103704981885,33.86126654670052,0.3420267705277689,21.45647940444203,7.138191140582246,8.813197919491213,-0.08658515542189464,0.37653757980624647
Jan-16,100.0,32.16742176380864,0.39578808893324335,0.27387628503546785,31.199215228201886,0.3388014085066087,20.56198506438644,7.262257806608187,7.563918642299426,-0.08845693678164178,0.32547616482475883
Feb-16,100.0,29.541196114920847,0.4139368292247686,0.2899788411043414,31.447727330665103,0.3384148673107808,20.916078211436,7.692087082876591,9.15759553368853,-0.12714456879190353,0.3301297575649425
Mar-16,100.0,23.70781829469791,0.28709674240458305,0.30450649909502114,34.14053286994912,0.3931977124236681,21.729018779543207,8.997230863228294,10.210658055954301,-0.1261386145118534,0.3564072831910442
Apr-16,100.0,24.61303743852116,0.284312955864936,0.34335994429786987,33.78102100093178,0.38636526535307025,21.411188892339933,8.832473795765683,10.125363923996627,-0.15427305648373477,0.37680852734080356
May-16,100.0,25.78211047537295,0.31054038445152066,0.3073844862355499,34.878671493087005,0.33231608214171876,21.010707962646787,8.043122193223025,9.060899367873587,-0.10130433273266072,0.3752362978789208
Jun-16,100.0,31.53920587979473,0.2641993563538314,0.27316908758806646,35.74927154909977,0.2834978690093068,18.25883926241628,6.316049839088459,7.13120814125424,-0.13508958858832737,0.31937679394624685
Jul-16,100.0,33.082954934315104,0.30894833791618836,0.2545850797125543,36.82042893581495,0.26138048698800853,17.07321808646185,5.206980824816827,6.885689114971011,-0.1902714037127193,0.29584290959924087
Aug-16,100.0,33.09292662634405,0.30693332617643543,0.2630159981066752,37.799644269642634,0.2596002059234716,17.451282263987057,4.77478950180671,5.969096840148246,-0.2200746106606874,0.30302956368134565
Sep-16,100.0,32.46615087040619,0.2690863579474343,0.27875753783138013,35.75008533394015,0.2901353965183753,18.616452383661393,4.655819774718398,7.546080327682331,-0.20337922403003755,0.3305267948572079
Oct-16,100.0,31.697449990413496,0.2994184188662363,0.20291429667028826,32.8810634626446,0.29174921710231994,19.407234613663963,5.540678724356106,9.506295136447882,-0.17926759123154598,0.3524637310666582
Nov-16,100.0,29.266322185380307,0.3601905306919361,0.2689647046942588,31.626411728072977,0.34100281083264605,21.94098934576608,6.331274300237322,9.701243835524211,-0.20433238516822916,0.36759631730429365
Dec-16,100.0,34.38065485582922,0.3375903691200357,0.25160036943851716,27.915191277081785,0.3002411773391741,20.748199855814747,6.52250071658333,9.43371097516134,-0.21801504969758737,0.3280359247109781
Jan-17,100.0,33.4867339887461,0.3199637645391883,0.2740887420371994,27.7750033390048,0.30399461113659726,21.2305539263793,7.7313930328035445,8.689832585202693,-0.12630148600231117,0.3150278443965693
Feb-17,100.0,29.824157629511568,0.29850951348788957,0.2483571671481521,28.455273381813935,0.3359520186319402,21.833446118861062,8.203687227983634,10.636419534682409,-0.17450268452456605,0.3387000924039806
Mar-17,100.0,27.97298016395957,0.2992465622642573,0.21880057219949353,29.803830731620284,0.331800581590076,20.37537288438002,9.269443983610303,11.561372151914583,-0.16308311604568831,0.3299224650905096
Apr-17,100.0,27.528074676269704,0.291069579167541,0.14587324258280254,29.974074500274146,0.33879145203105643,19.204838524074162,9.953564248532807,12.358272806655341,-0.14858086657505873,0.35334493098943354
May-17,100.0,28.67966639257606,0.29985100187329594,0.26182865833678526,30.317100162599615,0.32643572987443353,18.9533654410901,10.079630534105732,10.879027122605056,-0.13075976679629298,0.3341638484794154
Jun-17,100.0,29.977414047904528,0.2763293645261133,0.25123386219780836,32.72202548587681,0.27688704235563116,18.68527451691158,8.525499818754707,9.138666592309622,-0.15838050358308006,0.3042132560020076
Jul-17,100.0,31.566457456301894,0.22742048316964827,0.21975740167154054,36.34822031112111,0.25881439769415404,17.628548192130758,6.574923925376417,7.066844318319461,-0.18762189861495981,0.29638821665261766
Aug-17,100.0,31.04898957220849,0.25153506549526167,0.19878545981805285,36.71892255682276,0.29441036075013577,18.809002252901877,5.725540943308466,6.804439282085663,-0.16578447498551335,0.31415898159480504
Sep-17,100.0,29.22643778050261,0.27708003476149096,0.21190223925905646,35.157914786728725,0.3151748193473887,20.267020630706778,5.699932143664956,8.719241437601934,-0.18035499577385983,0.3056511232009143
Oct-17,100.0,28.16669856399283,0.30527309863176155,0.17946167771569127,33.53768538359934,0.3131167034270278,20.705547938543788,5.552644706664868,11.063875180010731,-0.14526356080833053,0.32096030822229404
Nov-17,100.0,29.522792831671474,0.29689573605806824,0.2449795417746902,30.84860264318324,0.32480069048538396,21.615956442312996,6.453182949423892,10.499725817598941,-0.15509963042159194,0.347838501698633
Dec-17,100.0,30.392539999942947,0.5585301358101111,0.21023325336672724,31.821099203281577,0.3123546980143369,21.023325336672723,6.346362850614582,9.198346659516265,-0.1871275633766256,0.32433542615735256
Jan-18,100.0,31.947163605880352,1.4877644430993708,0.25845052881924263,29.57906041850238,0.29380334726912866,19.992822306557144,6.71275031536321,9.577935556097156,-0.14649993706127018,0.29701723985548195
Feb-18,100.0,26.72133603423457,0.26183978271206093,0.24555621413544024,32.13562258596096,0.35563313771339616,21.100248161585107,8.109868493900176,10.848439057116245,-0.10258648203271042,0.3237173433032196
Mar-18,100.0,25.05741768060541,0.2579522322191662,0.1995244976924153,33.17390020667258,0.3598899818190294,20.83290600282815,8.037232141469707,11.889422404549904,-0.15228505275589327,0.34435069072148927
Apr-18,100.0,24.362828301617302,0.28964614674297556,0.22122056620507083,32.77518875163175,0.36504715053959885,19.64179540751419,9.338763091374723,12.789272463354115,-0.12522545564461215,0.341463576664884
May-18,100.0,25.12381053450776,0.3065784664001792,0.15240487223931987,34.0670581437853,0.34401641373943187,19.84505995967314,8.9744950298914,10.986121428655654,-0.11496692490006721,0.3154220760078767
Jun-18,100.0,27.275121256499485,0.2864474868666783,0.22410619516586278,35.22444208574615,0.29316529847236966,18.726034207096696,7.415657875290544,10.374450818901234,-0.11635249701057383,0.29665856050732914
Jul-18,100.0,28.029940454354414,0.240028958959421,0.22180813717606415,40.10402874516845,0.2847307084012565,17.602771508465395,6.097901690163429,7.305577757964321,-0.15645612304642423,0.26991110668412627
Aug-18,100.0,28.193568294020842,0.2563964422850874,0.21525546587258054,39.67190071311026,0.318597680432568,17.700905101481077,5.39167189091764,8.153749706135882,-0.1829304129770394,0.2806402319567432
Sep-18,100.0,27.07666073962721,0.2958845405235614,0.2240869648135787,39.84905681544097,0.30962704524930024,18.15272690558058,5.375282562724718,8.604210254713118,-0.16911694591062323,0.2815811172375883
Oct-18,100.0,26.844679607469164,0.31224044052050326,0.17288583997292892,37.924139416125755,0.31254806657027717,18.272064478420035,6.013474020980096,9.965853508475098,-0.1513520164887563,0.333466637954902
Nov-18,100.0,28.784119876204002,0.3119708744487791,0.2034322998393629,33.574082228824125,0.32406517276239977,19.832788573058867,6.795445101188963,9.94740530784641,-0.10636780311722788,0.33336847915749257
Dec-18,100.0,29.308017715868324,0.28221518469610746,0.23225783833685862,32.123158005445646,0.32720601124186366,20.934465310319844,6.660103069893541,9.952029261566148,-0.15250137309665432,0.33275682750400243
Jan-19,100.0,28.050282295839366,0.3927956878650317,0.22238963219534702,33.861045398063546,0.28493671625028844,20.48792285303659,6.8935226239752705,9.565256067762121,-0.08978981399887137,0.33191652605155547
Feb-19,100.0,25.35159000513826,0.2584987408098147,0.21948604741152367,35.64967235681073,0.3006831978990237,20.526068725775655,7.2573125011894115,10.241942134343223,-0.1233816075767091,0.31812789819907256
Mar-19,100.0,23.96796603273754,0.24961532931787106,0.17558725371134556,35.502580276106364,0.33220863681275487,19.908046117655694,8.055600591001,11.604359703031173,-0.12511356579780547,0.3294555265629254
Apr-19,100.0,20.17895087774833,0.2633413368445512,0.13503820469906014,35.139904294619015,0.31924243903917454,20.400871518388435,9.368485922014596,13.887046098204092,-0.03468562365088078,0.341804932093631
May-19,100.0,21.739787879429386,0.28337179165368764,0.22288688415023242,35.47349097716393,0.3187554625432089,20.299944656309634,9.672141558877522,11.763709660347002,-0.11129222980635757,0.33780820840679726
Jun-19,100.0,22.234238008826885,0.2709213875025125,0.1593821746749368,39.09166315157726,0.28564229884016207,19.478313549749604,7.948725933433172,10.328700964502788,-0.10899136278836709,0.3116869881298498
Jul-19,100.0,24.5564314695454,0.24466024149233,0.1927552301000329,41.98262522388605,0.2887673169008078,17.59384937799276,6.0616767999220205,8.949106283430606,-0.1515723806854873,0.28194412291496596
Aug-19,100.0,23.408640586261487,0.2606215088666076,0.17026276223950296,43.62858821303755,0.2855137255682893,17.90024195234634,5.620413609072715,8.568398833052882,-0.14412593470273716,0.3014447442573656
Sep-19,100.0,23.75734560372547,0.2558487637210334,0.1610488967734782,41.561703071293934,0.30823816387626124,18.31245149129615,5.135269985585985,10.37781350482315,-0.18599623018072955,0.31655394167867834
Oct-19,100.0,20.83408732114889,0.2938992505881105,0.062398991632295224,40.90659494942562,0.2882833413412039,19.35398323963085,5.711379704103982,12.3222408725875,-0.11637411939423058,0.3431944539776237
Nov-19,100.0,23.915706701868015,0.2845864316533554,0.10541410649673787,37.340968733479585,0.3314371456519055,20.299338075385332,6.400187402855995,11.14097316530388,-0.16112846908960832,0.3425167063948059
Dec-19,100.0,21.439669636316374,0.29184488503438333,0.13676536616489826,38.98344636907154,0.3269962426448,21.585296689273815,6.344376964340573,10.71318855306378,-0.1562610771084907,0.3346763711983364
Jan-20,100.0,19.045725529868225,0.2675289969270713,0.18507743721840014,39.78843280636456,0.33770053710466374,21.68592972905014,7.162759963627751,11.317499904976039,-0.1102277943623015,0.3195728892254524
Feb-20,100.0,17.57940306163942,0.23428360515236252,0.16890940825403974,40.0434159738253,0.3603400709419515,20.616644458207432,8.091386245769446,12.678840655868976,-0.07726041451619967,0.3037241396568011
Mar-20,100.0,16.371704263078065,0.22299674056862556,0.22719204827831027,40.722561073998776,0.3378836286184529,20.652854422822475,7.688062735986059,13.538257979152549,-0.1139187401168232,0.35240584761351534
Apr-20,100.0,14.534779843199475,0.22369446052471717,0.21940638779900373,39.50887273714829,0.28658619383518075,21.143771931705295,8.288129900016438,15.527468679202133,-0.11613530298807201,0.38342516955754236
May-20,100.0,15.262910998336816,0.22667851999593225,0.20010694239872456,38.44218385563432,0.28999104439421725,21.105705672211705,9.833451975974045,14.401795057686567,-0.1203922096071015,0.35756814297477013
Jun-20,100.0,18.548045697465955,0.2324081519006043,0.22757815363372136,40.64443541582023,0.2463299116110317,19.094119619168843,7.9550071455562605,12.904618898930867,-0.14177465501027084,0.289231660922757
Jul-20,100.0,21.887130341009733,0.2229969917364244,0.2042105930890451,44.29881596892681,0.22860851341031688,16.92849701491445,6.524491852314508,9.605705209687926,-0.16736973340392466,0.26666926911150096
Aug-20,100.0,22.86995403175623,0.22256458638617338,0.19747275026597344,43.57046791255997,0.2745046871549872,17.308850392436316,5.842383122227353,9.632504968183552,-0.1967199951823675,0.27776662585061324
Sep-20,100.0,20.512274620456804,0.22639155844350556,0.1316369459029125,42.398790979121,0.3037545015937366,19.708659552074558,5.6010171128029675,10.970245252524041,-0.1574245936196562,0.3046540707001346
Oct-20,100.0,19.064210415584167,0.27924501837725496,0.11188927106211925,41.89089680366461,0.29263347816246577,18.922994042135397,5.996117346662288,13.237042680497158,-0.134840916408195,0.34013063311476144
Nov-20,100.0,20.29906802520214,0.2654253607296543,0.20305040095818555,36.433280358855086,0.3151926158664645,20.490837848329313,6.931915077155834,14.830310249068523,-0.12242744763655306,0.35401107487317646
Dec-20,100.0,22.810668663630583,0.2728410004557025,0.2179825439810985,37.113051958795204,0.28996612708004976,20.280503768979138,6.242834295533244,12.539656278390702,-0.10681434911457291,0.3393097122688471
Jan-21,100.0,23.263938604278227,0.26803356146731194,0.20102517110048396,36.233212107327965,0.29638326508404683,20.541221614501303,7.033017382091006,11.967011253973254,-0.12141691245955155,0.31757395263594973
Feb-21,100.0,27.005248533497994,0.490583513430071,0.2037665946279716,34.32633528866934,0.25316455696202533,19.436245754862615,6.217042297005248,11.91447977770917,-0.1312133374498302,0.28434702068539675
Mar-21,100.0,19.879446494346446,0.254016576909861,0.20713108989489304,34.36738311544427,0.27617478652652405,20.458771279106735,6.814452290805628,17.478010385456507,-0.07578749955844148,0.3404014810675761
Apr-21,100.0,18.395679626876866,0.27343270555184307,0.1438760620235384,36.622253740095736,0.29695746450829846,19.46486287452098,6.610457266763947,17.92927571017497,-0.06716489151335797,0.330369440997177
May-21,100.0,19.949028830567713,0.2607899906615321,0.16678066468653668,35.815991579762695,0.28546353468819197,19.799425949697202,7.279944781233115,16.25924086688467,-0.1299265103176016,0.31326031213594807
Jun-21,100.0,23.341874946503467,0.24929384575879482,0.12116964820679618,39.9554908841907,0.26052811777796797,17.67257981682787,6.273538474706839,11.957277668407087,-0.10057348283831209,0.2690875631259095
Jul-21,100.0,25.03229591937361,0.21768928860225234,0.16788947399562157,41.95732994102913,0.2578742875175039,16.969410094077272,5.447902490976865,9.862089028262627,-0.16887560893832712,0.25664161883912195
Aug-21,100.0,24.67029174185266,0.28992527823864944,0.18093081273539777,41.83352911968804,0.24971843096411658,16.826565584391993,4.923643321666889,10.937957928136315,-0.1622806486381747,0.24971843096411658
Sep-21,100.0,22.682490567773993,0.2731894727155609,0.18346829851845034,39.745905033587924,0.2829667801601178,18.55387871537683,4.8949802153308175,13.227259133155425,-0.12480445385110886,0.2803786693659704
Oct-21,100.0,19.54141448210817,0.2791987557854105,0.20455837252734213,41.17775654118338,0.33166563606723254,18.23879925796841,5.350684880169393,14.702281684686541,-0.13335332071629785,0.306681407361603
Nov-21,100.0,18.270497279755656,0.28220546594126816,0.24911711367757947,38.952944545194235,0.277114950208393,19.964048232636568,6.163660080811937,15.651745092424676,-0.1199452769558716,0.3086125163055582
Dec-21,100.0,17.806077649627415,0.28715173952252127,0.1753168161754236,37.84766718876074,0.2758792538801082,20.97868906924866,6.989534387014097,15.45339123831221,-0.13200673975983673,0.3182993972186625
Jan-22,100.0,23.433913197027017,0.8307336675888122,0.15089655024801613,36.10494266466185,0.2688848102823692,18.88266990576992,6.474104118619671,13.710717400726658,-0.1319007079295602,0.27530594008015713
Feb-22,100.0,21.882082322215403,0.34349744535337995,0.1914828667544425,35.44283110964476,0.2731945570763865,19.071816867142957,6.574245091902525,16.070068545316072,-0.1270385525005319,0.2775114010933949
Mar-22,100.0,18.80226789510985,0.2955042677102271,0.15406896126706313,34.65842911287092,0.2936554401750223,19.460142359720212,7.52965827504391,18.60259452130774,-0.09798785936585216,0.3016670261609096
Apr-22,100.0,18.20068817147707,0.24638644183766784,0.1736876385718139,34.70660605143522,0.30296650591787994,18.18785897090074,6.600788173450792,21.35864523641914,-0.08717277314683843,0.30954558313650926
May-22,100.0,18.274378696841463,0.24372852032824446,0.17417529750075983,37.14112874944474,0.3027610876019919,18.522783064082482,6.826444252215183,18.367018913800763,-0.13647628176653495,0.28376545951885535
Jun-22,100.0,19.376526505140664,0.23659181186598935,0.1801473885222639,41.01900647264555,0.2603301207488645,17.3329218693127,6.8545685694240035,14.642316436932589,-0.1553540436890387,0.25294486909641445
Jul-22,100.0,20.430285477865123,0.2470595188840948,0.11537324900998877,44.6934215970211,0.256043501388971,16.279212719427864,5.808144689402447,12.119865240262428,-0.18157101483539217,0.23216502157337904
Aug-22,100.0,20.676577706711182,0.24288275872109247,0.13976070831503423,45.825012799266254,0.24458123955130986,16.71717625135575,5.127713626426421,10.957627756088447,-0.15528967590559356,0.22419946958870074
Sep-22,100.0,18.483456797144928,0.26787618546586855,0.1842715161166484,44.63124369054898,0.2806728185295247,18.12372922324437,4.84167721204021,13.11683325987118,-0.17005303493480825,0.24029233197309866
Oct-22,100.0,17.272869160277622,0.30323396475223685,0.19429907405342908,42.52028195662353,0.30833033390773656,18.775342491933404,4.576220978566583,15.918827580275776,-0.13823901334293148,0.26883347295261334
Nov-22,100.0,17.520355522406614,0.28311268568587233,0.17651811796879857,39.630492883336444,0.28311268568587233,19.280564360743366,5.562185344023867,17.14867300640189,-0.15383181055379452,0.26850643296662313
Dec-22,100.0,20.36906985846215,0.9149024168857233,0.20651923487954435,39.059893353911235,0.27147286520456226,19.17908604135381,5.670951570684261,14.237613703550519,-0.15211362999192243,0.24315974429365705
Jan-23,100.0,17.633855438999856,0.2825118551516022,0.1209943957465153,39.805431814915934,0.27159074579680986,20.367868946687743,6.5394453226038225,14.90127891938497,-0.17818652105187527,0.25549647937922115
Feb-23,100.0,14.91499475752761,0.39656248190864596,0.12704150880285087,40.2145875814513,0.28656704897048135,19.55699500196191,6.4199381195283705,17.979107300223205,-0.14666057725088608,0.25022352873067844
Mar-23,100.0,15.10262161445144,0.2785616091455032,0.09466271133299568,40.306719243663025,0.3099148638545209,18.938571738658563,6.430733424981308,18.456213973904447,-0.15646479994211707,0.23816414634734584
Apr-23,100.0,13.326465785368146,0.28750956433026503,0.09970089730807577,39.75184082304581,0.2868470998963243,18.768279877974052,6.565022540352365,20.763953985220418,-0.0960573429214019,0.24643676942594145
May-23,100.0,13.376329113150968,0.26872362386021487,0.10077135894758057,41.955697246193594,0.3087267996848605,18.674765019513,8.443723776544092,16.749726695859824,-0.140163799263453,0.26170016550932285
Jun-23,100.0,16.08199669296336,0.24440893679328796,0.1082859640234499,45.09066513748699,0.2711324651898206,18.043670699321336,6.004999526770851,14.074669992261313,-0.1533819181925987,0.2332741332947327
Jul-23,100.0,18.545557109447532,0.22658095450752724,0.15301265703775957,46.896146478475984,0.2458544381897028,16.426649116827864,5.165763711790906,12.289901399677992,-0.15418786945740443,0.204957045986062
Aug-23,100.0,18.470342038992207,0.22652841654745154,0.15393528097326822,47.10774287369504,0.2572681807971057,16.49164706021447,5.034936924368357,12.207469762712666,-0.1544082004232629,0.20453766212269894
Sep-23,100.0,16.632638908152792,0.2479957835168798,0.16422092152348192,46.134705539682095,0.2726844017864573,18.18635745790452,4.692501872451386,13.607312269411079,-0.153402313517712,0.21498515908901775
Oct-23,100.0,15.589284949099834,0.30301360806567135,0.08967978501337545,43.102920561462795,0.28281270086129323,18.803983863760184,4.797103312336633,16.88948879461799,-0.11385965878831286,0.2561842322737039
Nov-23,100.0,15.963651667004381,0.2824321586109076,0.05580061411849058,42.249793475380706,0.2989541281543713,19.408014713904954,5.3076047820191095,16.27881602942781,-0.10817214021852643,0.26310457159779915
Dec-23,100.0,16.2093221216339,0.2645715666087677,0.09144973715390013,42.56985264514051,0.3054076127592514,19.800881138347922,5.472030184164817,15.18439487881472,-0.14781498395315934,0.2499050993293686
Jan-24,100.0,19.840890843351996,0.38544088244709046,0.09445794260105687,42.418700573569616,0.2817995287598197,18.12542965244725,5.655406930064389,13.097380891158211,-0.10862663399121542,0.20964415593956792
Feb-24,100.0,13.698039191344883,0.2296610327298007,0.06734654608427938,40.91845791927105,0.28893840739384385,20.04382180786682,6.453785372454332,18.2015679020775,-0.12538250976059387,0.22345397779115744
Mar-24,100.0,11.84995291409438,0.24127679741981545,0.0637044605432421,40.35754513168666,0.2714363970972924,19.494795930300548,7.1899870129070775,20.426358259114046,-0.10740510497387193,0.21204045079368988
Apr-24,100.0,11.984683699079735,0.2786537100199498,0.08945234571079219,39.10547654289208,0.29377694832357293,18.51534847802304,6.7301628161400355,22.90398352532338,-0.10875860737499196,0.20722054186241068
May-24,100.0,13.14604645824067,0.24391293742915765,0.08723474468054579,41.31971246969023,0.2551042369112013,18.644417980687837,7.023831728768813,19.148887326570726,-0.0814956167410362,0.21177382096790395
Jun-24,100.0,15.662407566286717,0.2272541569636802,0.09932794051558606,43.19258896106549,0.24027658618294725,17.412264574907056,5.718889161253422,17.4178820933938,-0.14784287290109083,0.17720717408179107
Jul-24,100.0,16.66950062541199,0.2322293317059422,0.10505058034040114,47.97364185438732,0.2210487821353452,16.270261834495255,4.980934833700972,13.527533267958175,-0.1488410661585728,0.1684070279071176
Aug-24,100.0,16.250440175171992,0.23468131317547686,0.1020970063361591,47.95605102014289,0.21530178882463186,16.486775837987178,4.8427540667459175,13.939313728502317,-0.18859585892651615,0.1611809220399549
Sep-24,100.0,15.180705459422311,0.23344657857466813,0.06566554534400676,47.209909932470225,0.23261184706605786,17.434758776506204,4.427137677832592,15.220772571835603,-0.17724132366157758,0.17223293460991604
Oct-24,100.0,14.0397628600515,0.27816036888436435,0.06946523743936762,43.9280795257201,0.23983472064195463,17.597760344930833,4.596682436074016,19.211330019761665,-0.1314449967063896,0.17066890232948081
Nov-24,100.0,13.936361295606343,0.27144324044287127,0.06824858616849336,42.71337765355157,0.24817667697633944,19.203911264429145,5.187823211344156,18.32009207354716,-0.15200821464800793,0.20226399173571666
Dec-24,100.0,17.382062154711424,0.3387841413593437,0.08414246648140562,40.86168528503261,0.2543648904487229,19.707051360118687,5.406430255859526,15.921747506172293,-0.1331333104524872,0.1768652502684809
Jan-25,100.0,20.667089189625816,0.6837415650747493,0.1337160894257416,39.021486535187464,0.2743913805316333,17.83022033329605,5.326523257403472,16.020082267705575,-0.11606954230821806,0.15906746697485988
Feb-25,100.0,18.40149796805595,0.34909271335412534,0.09923447689254325,38.80008978357433,0.3281235232964748,18.260620451753145,5.7718433985445605,17.938108401852375,-0.12108968906530573,0.17247897174180135
Mar-25,100.0,14.751415494456419,0.2568721543990481,0.12349046395846884,35.403996654967045,0.2313947528542183,18.720494921005066,6.729331083329088,23.725455520952917,-0.119593920192789,0.1768431401347005
Apr-25,100.0,14.205655302392051,0.26710101785457974,0.09953881389674175,35.77219029075319,0.20219796678711174,18.06457853581213,7.126542227547601,24.160472793764313,-0.08081677993497213,0.18222779722789084
May-25,100.0,14.17824982414529,0.2217804054250452,0.09999011725585262,39.261235808088735,0.18428411145410048,18.06362161879349,7.079532836870775,20.82846462849602,-0.07877128423353505,0.1616119337042269
Jun-25,100.0,16.400828915417573,0.28350941429243426,0.10602997826004042,41.90167435828979,0.2446063287437863,16.838170792173614,5.634336422696009,18.559823029101032,-0.10679278385903351,0.13781354488475278
Jul-25,100.0,17.982613371571965,0.2480283204875426,0.127038895859473,45.25699050008962,0.1987363326761068,15.858800860369241,4.477056820218677,15.829001613192329,-0.10889048216526258,0.13039971321025273
Aug-25,100.0,16.592344411077427,0.2424793333365061,0.11921702257270811,45.90069531365261,0.20559582335892174,16.82482950300065,4.782482474383808,15.348537271381726,-0.13516021720818006,0.11874110631493281
Sep-25,100.0,15.83669478058917,0.2463703160439501,0.10593651957788372,45.600510668350786,0.2615817137269283,17.780494098792595,4.151896671148596,16.013798910755273,-0.12413587037716116,0.1268521913919787
Oct-25,100.0,15.64620727408596,0.2728433931059252,0.12657384584637932,41.70419952904102,0.3145519372749839,17.153218074861044,4.792137939424133,19.995191931713848,-0.14858668860227137,0.1439524059168204
Nov-25,100.0,16.266351429611984,0.2928480593218821,0.09970565934098738,39.27477566226648,0.25881678637316186,19.04825873320079,5.497244660970906,19.278716125450018,-0.18209716226946795,0.16538004573325452
Dec-25,100.0,17.496611668419703,0.4945132576649555,0.076662637299382,38.730853964217125,0.2093177810222034,18.974918496889014,6.258601652563882,17.732094172069683,-0.12088101854032245,0.14678409394182013
Jan-26,100.0,18.147118231717847,1.2867651659829449,0.10186995186832494,37.952188702196835,0.22826878649609916,18.334338683800176,6.985475397280297,16.97724070092534,-0.12890178184812617,0.11588645630229595
