Date,Monthly_MSL,Linear_Trend,High_Conf.,Low_Conf.
1924-11,-0.225,-0.15,-0.137,-0.163
1924-12,-0.195,-0.149,-0.136,-0.162
1925-01,-0.197,-0.149,-0.136,-0.162
1925-02,-0.207,-0.149,-0.136,-0.162
1925-03,-0.149,-0.149,-0.137,-0.161
1925-04,-0.197,-0.149,-0.137,-0.161
1925-05,-0.142,-0.149,-0.137,-0.161
1925-06,-0.127,-0.148,-0.136,-0.16
1925-07,-0.133,-0.148,-0.136,-0.16
1925-08,-0.145,-0.148,-0.136,-0.16
1925-09,-0.158,-0.148,-0.136,-0.16
1925-10,-0.122,-0.148,-0.136,-0.16
1925-11,-0.149,-0.148,-0.136,-0.16
1925-12,-0.049,-0.147,-0.135,-0.159
1926-01,-0.024,-0.147,-0.135,-0.159
1926-02,-0.091,-0.147,-0.135,-0.159
1926-03,-0.073,-0.147,-0.135,-0.159
1926-04,-0.094,-0.147,-0.135,-0.159
1926-05,-0.118,-0.147,-0.135,-0.159
1926-06,-0.112,-0.146,-0.134,-0.158
1926-07,-0.133,-0.146,-0.134,-0.158
1926-08,-0.139,-0.146,-0.134,-0.158
1926-09,-0.189,-0.146,-0.134,-0.158
1926-10,-0.177,-0.146,-0.134,-0.158
1926-11,-0.173,-0.146,-0.134,-0.158
1926-12,-0.14,-0.145,-0.133,-0.157
1927-01,-0.17,-0.145,-0.133,-0.157
1927-02,-0.167,-0.145,-0.133,-0.157
1927-03,-0.171,-0.145,-0.133,-0.157
1927-04,-0.158,-0.145,-0.133,-0.157
1927-05,-0.188,-0.145,-0.133,-0.157
1927-06,-0.139,-0.144,-0.132,-0.156
1927-07,-0.161,-0.144,-0.132,-0.156
1927-08,-0.16,-0.144,-0.132,-0.156
1927-09,-0.149,-0.144,-0.132,-0.156
1927-10,-0.119,-0.144,-0.132,-0.156
1927-11,-0.106,-0.144,-0.132,-0.156
1927-12,-0.097,-0.143,-0.131,-0.155
1928-01,-0.115,-0.143,-0.131,-0.155
1928-02,-0.085,-0.143,-0.131,-0.155
1928-03,-0.152,-0.143,-0.131,-0.155
1928-04,-0.152,-0.143,-0.131,-0.155
1928-05,-0.139,-0.143,-0.131,-0.155
1928-06,-0.13,-0.142,-0.13,-0.154
1928-07,-0.143,-0.142,-0.13,-0.154
1928-08,-0.118,-0.142,-0.13,-0.154
1928-09,-0.167,-0.142,-0.13,-0.154
1928-10,-0.146,-0.142,-0.13,-0.154
1928-11,-0.112,-0.142,-0.13,-0.154
1928-12,-0.088,-0.141,-0.129,-0.153
1929-01,-0.069,-0.141,-0.129,-0.153
1929-02,-0.115,-0.141,-0.129,-0.153
1929-03,-0.11,-0.141,-0.129,-0.153
1929-04,-0.072,-0.141,-0.129,-0.153
1929-05,-0.09,-0.141,-0.129,-0.153
1929-06,-0.133,-0.14,-0.128,-0.152
1929-07,-0.109,-0.14,-0.128,-0.152
1929-08,-0.142,-0.14,-0.128,-0.152
1929-09,-0.128,-0.14,-0.128,-0.152
1929-10,-0.143,-0.14,-0.128,-0.152
1929-11,-0.143,-0.14,-0.128,-0.152
1929-12,-0.164,-0.139,-0.127,-0.151
1930-01,-0.124,-0.139,-0.127,-0.151
1930-02,-0.112,-0.139,-0.127,-0.151
1930-03,-0.101,-0.139,-0.127,-0.151
1930-04,-0.124,-0.139,-0.127,-0.151
1930-05,-0.163,-0.138,-0.126,-0.15
1930-06,-0.115,-0.138,-0.126,-0.15
1930-07,-0.121,-0.138,-0.126,-0.15
1930-08,-0.096,-0.138,-0.126,-0.15
1930-09,-0.143,-0.138,-0.127,-0.149
1930-10,-0.095,-0.138,-0.127,-0.149
1930-11,-0.076,-0.137,-0.126,-0.148
1930-12,-0.082,-0.137,-0.126,-0.148
1931-01,-0.097,-0.137,-0.126,-0.148
1931-02,-0.033,-0.137,-0.126,-0.148
1931-03,-0.088,-0.137,-0.126,-0.148
1931-04,-0.069,-0.137,-0.126,-0.148
1931-05,-0.124,-0.136,-0.125,-0.147
1931-06,-0.13,-0.136,-0.125,-0.147
1931-07,-0.079,-0.136,-0.125,-0.147
1931-08,-0.118,-0.136,-0.125,-0.147
1931-09,-0.122,-0.136,-0.125,-0.147
1931-10,-0.143,-0.136,-0.125,-0.147
1931-11,-0.137,-0.135,-0.124,-0.146
1931-12,-0.183,-0.135,-0.124,-0.146
1932-01,-0.164,-0.135,-0.124,-0.146
1932-02,-0.088,-0.135,-0.124,-0.146
1932-03,-0.122,-0.135,-0.124,-0.146
1932-04,-0.094,-0.135,-0.124,-0.146
1932-05,-0.096,-0.134,-0.123,-0.145
1932-06,-0.158,-0.134,-0.123,-0.145
1932-07,-0.14,-0.134,-0.123,-0.145
1932-08,-0.121,-0.134,-0.123,-0.145
1932-09,-0.134,-0.134,-0.123,-0.145
1932-10,-0.137,-0.134,-0.123,-0.145
1932-11,-0.146,-0.133,-0.122,-0.144
1932-12,-0.167,-0.133,-0.122,-0.144
1933-01,-0.13,-0.133,-0.122,-0.144
1933-02,-0.195,-0.133,-0.122,-0.144
1933-03,-0.134,-0.133,-0.122,-0.144
1933-04,-0.142,-0.133,-0.122,-0.144
1933-05,-0.209,-0.132,-0.121,-0.143
1933-06,-0.173,-0.132,-0.121,-0.143
1933-07,-0.167,-0.132,-0.121,-0.143
1933-08,-0.188,-0.132,-0.121,-0.143
1933-09,-0.186,-0.132,-0.121,-0.143
1933-10,-0.213,-0.132,-0.121,-0.143
1933-11,-0.189,-0.131,-0.12,-0.142
1933-12,-0.213,-0.131,-0.12,-0.142
1934-01,-0.179,-0.131,-0.12,-0.142
1934-02,-0.192,-0.131,-0.12,-0.142
1934-03,-0.116,-0.131,-0.12,-0.142
1934-04,-0.103,-0.131,-0.12,-0.142
1934-05,-0.121,-0.13,-0.119,-0.141
1934-06,-0.148,-0.13,-0.119,-0.141
1934-07,-0.137,-0.13,-0.119,-0.141
1934-08,-0.173,-0.13,-0.119,-0.141
1934-09,-0.128,-0.13,-0.119,-0.141
1934-10,-0.223,-0.13,-0.119,-0.141
1934-11,-0.167,-0.129,-0.118,-0.14
1934-12,-0.125,-0.129,-0.118,-0.14
1935-01,-0.17,-0.129,-0.118,-0.14
1935-02,-0.121,-0.129,-0.118,-0.14
1935-03,-0.162,-0.129,-0.118,-0.14
1935-04,-0.136,-0.129,-0.118,-0.14
1935-05,-0.163,-0.128,-0.117,-0.139
1935-06,-0.112,-0.128,-0.117,-0.139
1935-07,-0.146,-0.128,-0.117,-0.139
1935-08,-0.133,-0.128,-0.117,-0.139
1935-09,-0.189,-0.128,-0.117,-0.139
1935-10,-0.162,-0.128,-0.117,-0.139
1935-11,-0.192,-0.127,-0.116,-0.138
1935-12,-0.146,-0.127,-0.116,-0.138
1936-01,-0.188,-0.127,-0.116,-0.138
1936-02,-0.143,-0.127,-0.116,-0.138
1936-03,-0.104,-0.127,-0.116,-0.138
1936-04,-0.167,-0.127,-0.116,-0.138
1936-05,-0.13,-0.126,-0.116,-0.136
1936-06,-0.155,-0.126,-0.116,-0.136
1936-07,-0.127,-0.126,-0.116,-0.136
1936-08,-0.124,-0.126,-0.116,-0.136
1936-09,-0.115,-0.126,-0.116,-0.136
1936-10,-0.131,-0.126,-0.116,-0.136
1936-11,-0.097,-0.125,-0.115,-0.135
1936-12,-0.131,-0.125,-0.115,-0.135
1937-01,-0.161,-0.125,-0.115,-0.135
1937-02,-0.112,-0.125,-0.115,-0.135
1937-03,-0.143,-0.125,-0.115,-0.135
1937-04,-0.142,-0.125,-0.115,-0.135
1937-05,-0.102,-0.124,-0.114,-0.134
1937-06,-0.13,-0.124,-0.114,-0.134
1937-07,-0.094,-0.124,-0.114,-0.134
1937-08,-0.109,-0.124,-0.114,-0.134
1937-09,-0.119,-0.124,-0.114,-0.134
1937-10,-0.128,-0.124,-0.114,-0.134
1937-11,-0.152,-0.123,-0.113,-0.133
1937-12,-0.106,-0.123,-0.113,-0.133
1938-01,-0.109,-0.123,-0.113,-0.133
1938-02,-0.125,-0.123,-0.113,-0.133
1938-03,-0.159,-0.123,-0.113,-0.133
1938-04,-0.139,-0.123,-0.113,-0.133
1938-05,-0.145,-0.122,-0.112,-0.132
1938-06,-0.142,-0.122,-0.112,-0.132
1938-07,-0.152,-0.122,-0.112,-0.132
1938-08,-0.127,-0.122,-0.112,-0.132
1938-09,-0.137,-0.122,-0.112,-0.132
1938-10,-0.162,-0.121,-0.111,-0.131
1938-11,-0.152,-0.121,-0.111,-0.131
1938-12,-0.116,-0.121,-0.111,-0.131
1939-01,-0.136,-0.121,-0.111,-0.131
1939-02,-0.192,-0.121,-0.111,-0.131
1939-03,-0.168,-0.121,-0.111,-0.131
1939-04,-0.112,-0.12,-0.11,-0.13
1939-05,-0.121,-0.12,-0.11,-0.13
1939-06,-0.115,-0.12,-0.11,-0.13
1939-07,-0.13,-0.12,-0.11,-0.13
1939-08,-0.109,-0.12,-0.11,-0.13
1939-09,-0.055,-0.12,-0.11,-0.13
1939-10,-0.064,-0.119,-0.109,-0.129
1939-11,-0.009,-0.119,-0.109,-0.129
1939-12,-0.073,-0.119,-0.109,-0.129
1940-01,-0.109,-0.119,-0.109,-0.129
1940-02,-0.094,-0.119,-0.109,-0.129
1940-03,-0.058,-0.119,-0.109,-0.129
1940-04,-0.078,-0.118,-0.108,-0.128
1940-05,-0.115,-0.118,-0.108,-0.128
1940-06,-0.148,-0.118,-0.108,-0.128
1940-07,-0.152,-0.118,-0.108,-0.128
1940-08,-0.124,-0.118,-0.108,-0.128
1940-09,-0.119,-0.118,-0.108,-0.128
1940-10,-0.11,-0.117,-0.107,-0.127
1940-11,-0.079,-0.117,-0.107,-0.127
1940-12,0.0,-0.117,-0.107,-0.127
1941-01,-0.078,-0.117,-0.107,-0.127
1941-02,0.0,-0.117,-0.107,-0.127
1941-03,0.018,-0.117,-0.107,-0.127
1941-04,-0.081,-0.116,-0.106,-0.126
1941-05,-0.093,-0.116,-0.106,-0.126
1941-06,-0.133,-0.116,-0.106,-0.126
1941-07,-0.112,-0.116,-0.106,-0.126
1941-08,-0.112,-0.116,-0.106,-0.126
1941-09,-0.067,-0.116,-0.106,-0.126
1941-10,-0.018,-0.115,-0.105,-0.125
1941-11,-0.03,-0.115,-0.105,-0.125
1941-12,-0.033,-0.115,-0.105,-0.125
1942-01,-0.088,-0.115,-0.105,-0.125
1942-02,-0.067,-0.115,-0.105,-0.125
1942-03,-0.085,-0.115,-0.105,-0.125
1942-04,-0.078,-0.114,-0.104,-0.124
1942-05,-0.136,-0.114,-0.105,-0.123
1942-06,-0.109,-0.114,-0.105,-0.123
1942-07,-0.124,-0.114,-0.105,-0.123
1942-08,-0.121,-0.114,-0.105,-0.123
1942-09,-0.122,-0.114,-0.105,-0.123
1942-10,-0.107,-0.113,-0.104,-0.122
1942-11,-0.128,-0.113,-0.104,-0.122
1942-12,-0.164,-0.113,-0.104,-0.122
1943-01,-0.1,-0.113,-0.104,-0.122
1943-02,-0.14,-0.113,-0.104,-0.122
1943-03,-0.155,-0.113,-0.104,-0.122
1943-04,-0.145,-0.112,-0.103,-0.121
1943-05,-0.105,-0.112,-0.103,-0.121
1943-06,-0.103,-0.112,-0.103,-0.121
1943-07,-0.133,-0.112,-0.103,-0.121
1943-08,-0.127,-0.112,-0.103,-0.121
1943-09,-0.131,-0.112,-0.103,-0.121
1943-10,-0.128,-0.111,-0.102,-0.12
1943-11,-0.091,-0.111,-0.102,-0.12
1943-12,-0.042,-0.111,-0.102,-0.12
1944-01,-0.133,-0.111,-0.102,-0.12
1944-02,-0.076,-0.111,-0.102,-0.12
1944-03,-0.034,-0.111,-0.102,-0.12
1944-04,-0.088,-0.11,-0.101,-0.119
1944-05,-0.121,-0.11,-0.101,-0.119
1944-06,-0.191,-0.11,-0.101,-0.119
1944-07,-0.155,-0.11,-0.101,-0.119
1944-08,-0.118,-0.11,-0.101,-0.119
1944-09,-0.106,-0.11,-0.101,-0.119
1944-10,-0.146,-0.109,-0.1,-0.118
1944-11,-0.118,-0.109,-0.1,-0.118
1944-12,-0.122,-0.109,-0.1,-0.118
1945-01,-0.106,-0.109,-0.1,-0.118
1945-02,-0.146,-0.109,-0.1,-0.118
1945-03,-0.149,-0.109,-0.1,-0.118
1945-04,-0.17,-0.108,-0.099,-0.117
1945-05,-0.145,-0.108,-0.099,-0.117
1945-06,-0.078,-0.108,-0.099,-0.117
1945-07,-0.072,-0.108,-0.099,-0.117
1945-08,-0.075,-0.108,-0.099,-0.117
1945-09,-0.082,-0.108,-0.099,-0.117
1945-10,-0.095,-0.107,-0.098,-0.116
1945-11,-0.14,-0.107,-0.098,-0.116
1945-12,-0.106,-0.107,-0.098,-0.116
1946-01,-0.133,-0.107,-0.098,-0.116
1946-02,-0.112,-0.107,-0.098,-0.116
1946-03,-0.107,-0.107,-0.098,-0.116
1946-04,-0.085,-0.106,-0.097,-0.115
1946-05,-0.115,-0.106,-0.097,-0.115
1946-06,-0.106,-0.106,-0.097,-0.115
1946-07,-0.115,-0.106,-0.097,-0.115
1946-08,-0.139,-0.106,-0.097,-0.115
1946-09,-0.079,-0.106,-0.097,-0.115
1946-10,-0.095,-0.105,-0.096,-0.114
1946-11,-0.082,-0.105,-0.096,-0.114
1946-12,-0.079,-0.105,-0.096,-0.114
1947-01,-0.081,-0.105,-0.096,-0.114
1947-02,-0.094,-0.105,-0.096,-0.114
1947-03,-0.058,-0.105,-0.096,-0.114
1947-04,-0.115,-0.104,-0.095,-0.113
1947-05,-0.087,-0.104,-0.095,-0.113
1947-06,-0.127,-0.104,-0.095,-0.113
1947-07,-0.133,-0.104,-0.095,-0.113
1947-08,-0.142,-0.104,-0.095,-0.113
1947-09,-0.131,-0.103,-0.094,-0.112
1947-10,-0.134,-0.103,-0.094,-0.112
1947-11,-0.121,-0.103,-0.094,-0.112
1947-12,-0.103,-0.103,-0.094,-0.112
1948-01,-0.066,-0.103,-0.094,-0.112
1948-02,-0.097,-0.103,-0.094,-0.112
1948-03,-0.107,-0.102,-0.093,-0.111
1948-04,-0.103,-0.102,-0.093,-0.111
1948-05,-0.108,-0.102,-0.093,-0.111
1948-06,-0.112,-0.102,-0.093,-0.111
1948-07,-0.124,-0.102,-0.093,-0.111
1948-08,-0.121,-0.102,-0.093,-0.111
1948-09,-0.109,-0.101,-0.092,-0.11
1948-10,-0.128,-0.101,-0.092,-0.11
1948-11,-0.118,-0.101,-0.092,-0.11
1948-12,-0.11,-0.101,-0.093,-0.109
1949-01,-0.097,-0.101,-0.093,-0.109
1949-02,-0.082,-0.101,-0.093,-0.109
1949-03,-0.159,-0.1,-0.092,-0.108
1949-04,-0.118,-0.1,-0.092,-0.108
1949-05,-0.105,-0.1,-0.092,-0.108
1949-06,-0.081,-0.1,-0.092,-0.108
1949-07,-0.133,-0.1,-0.092,-0.108
1949-08,-0.118,-0.1,-0.092,-0.108
1949-09,-0.109,-0.099,-0.091,-0.107
1949-10,-0.14,-0.099,-0.091,-0.107
1949-11,-0.134,-0.099,-0.091,-0.107
1949-12,-0.177,-0.099,-0.091,-0.107
1950-01,-0.182,-0.099,-0.091,-0.107
1950-02,-0.164,-0.099,-0.091,-0.107
1950-03,-0.177,-0.098,-0.09,-0.106
1950-04,-0.1,-0.098,-0.09,-0.106
1950-05,-0.105,-0.098,-0.09,-0.106
1950-06,-0.109,-0.098,-0.09,-0.106
1950-07,-0.066,-0.098,-0.09,-0.106
1950-08,-0.148,-0.098,-0.09,-0.106
1950-09,-0.125,-0.097,-0.089,-0.105
1950-10,-0.113,-0.097,-0.089,-0.105
1950-11,-0.137,-0.097,-0.089,-0.105
1950-12,-0.116,-0.097,-0.089,-0.105
1951-01,-0.194,-0.097,-0.089,-0.105
1951-02,-0.146,-0.097,-0.089,-0.105
1951-03,-0.088,-0.096,-0.088,-0.104
1951-04,-0.103,-0.096,-0.088,-0.104
1951-05,-0.078,-0.096,-0.088,-0.104
1951-06,-0.06,-0.096,-0.088,-0.104
1951-07,-0.051,-0.096,-0.088,-0.104
1951-08,-0.06,-0.096,-0.088,-0.104
1951-09,-0.051,-0.095,-0.087,-0.103
1951-10,-0.043,-0.095,-0.087,-0.103
1951-11,-0.042,-0.095,-0.087,-0.103
1951-12,-0.082,-0.095,-0.087,-0.103
1952-01,-0.081,-0.095,-0.087,-0.103
1952-02,-0.091,-0.095,-0.087,-0.103
1952-03,-0.085,-0.094,-0.086,-0.102
1952-04,-0.06,-0.094,-0.086,-0.102
1952-05,-0.121,-0.094,-0.086,-0.102
1952-06,-0.118,-0.094,-0.086,-0.102
1952-07,-0.127,-0.094,-0.086,-0.102
1952-08,-0.099,-0.094,-0.086,-0.102
1952-09,-0.088,-0.093,-0.085,-0.101
1952-10,-0.11,-0.093,-0.085,-0.101
1952-11,-0.076,-0.093,-0.085,-0.101
1952-12,-0.073,-0.093,-0.085,-0.101
1953-01,-0.1,-0.093,-0.085,-0.101
1953-02,-0.07,-0.093,-0.085,-0.101
1953-03,-0.067,-0.092,-0.084,-0.1
1953-04,-0.112,-0.092,-0.084,-0.1
1953-05,-0.133,-0.092,-0.084,-0.1
1953-06,-0.127,-0.092,-0.084,-0.1
1953-07,-0.079,-0.092,-0.084,-0.1
1953-08,-0.118,-0.092,-0.084,-0.1
1953-09,-0.122,-0.091,-0.083,-0.099
1953-10,-0.11,-0.091,-0.083,-0.099
1953-11,-0.109,-0.091,-0.083,-0.099
1953-12,-0.146,-0.091,-0.083,-0.099
1955-09,-0.14,-0.087,-0.079,-0.095
1955-10,-0.213,-0.087,-0.079,-0.095
1955-11,-0.176,-0.087,-0.079,-0.095
1955-12,-0.198,-0.087,-0.079,-0.095
1956-01,-0.164,-0.087,-0.079,-0.095
1956-02,-0.14,-0.086,-0.078,-0.094
1956-03,-0.131,-0.086,-0.078,-0.094
1956-04,-0.088,-0.086,-0.078,-0.094
1956-05,-0.118,-0.086,-0.078,-0.094
1956-06,-0.118,-0.086,-0.078,-0.094
1956-07,-0.112,-0.086,-0.079,-0.093
1956-08,-0.099,-0.085,-0.078,-0.092
1956-09,-0.143,-0.085,-0.078,-0.092
1956-10,-0.149,-0.085,-0.078,-0.092
1956-11,-0.118,-0.085,-0.078,-0.092
1956-12,-0.125,-0.085,-0.078,-0.092
1957-01,-0.106,-0.085,-0.078,-0.092
1957-02,-0.079,-0.084,-0.077,-0.091
1957-03,-0.095,-0.084,-0.077,-0.091
1957-04,-0.066,-0.084,-0.077,-0.091
1957-05,-0.057,-0.084,-0.077,-0.091
1957-06,-0.027,-0.084,-0.077,-0.091
1957-07,-0.03,-0.084,-0.077,-0.091
1957-08,-0.026,-0.083,-0.076,-0.09
1957-09,-0.067,-0.083,-0.076,-0.09
1957-10,-0.04,-0.083,-0.076,-0.09
1957-11,-0.024,-0.083,-0.076,-0.09
1957-12,0.019,-0.083,-0.076,-0.09
1958-01,0.004,-0.083,-0.076,-0.09
1958-02,-0.021,-0.082,-0.075,-0.089
1958-03,-0.012,-0.082,-0.075,-0.089
1958-04,-0.033,-0.082,-0.075,-0.089
1958-05,-0.069,-0.082,-0.075,-0.089
1958-06,-0.091,-0.082,-0.075,-0.089
1958-07,-0.088,-0.082,-0.075,-0.089
1958-08,-0.017,-0.081,-0.074,-0.088
1958-09,0.0,-0.081,-0.074,-0.088
1958-10,0.0,-0.081,-0.074,-0.088
1958-11,-0.018,-0.081,-0.074,-0.088
1958-12,-0.018,-0.081,-0.074,-0.088
1959-01,-0.002,-0.081,-0.074,-0.088
1959-02,-0.003,-0.08,-0.073,-0.087
1959-03,-0.037,-0.08,-0.073,-0.087
1959-04,-0.051,-0.08,-0.073,-0.087
1959-05,-0.06,-0.08,-0.073,-0.087
1959-06,-0.042,-0.08,-0.073,-0.087
1959-07,-0.036,-0.08,-0.073,-0.087
1959-08,-0.029,-0.079,-0.072,-0.086
1959-09,-0.033,-0.079,-0.072,-0.086
1959-10,-0.003,-0.079,-0.072,-0.086
1959-11,-0.039,-0.079,-0.072,-0.086
1959-12,0.019,-0.079,-0.072,-0.086
1960-01,-0.069,-0.079,-0.072,-0.086
1960-02,-0.121,-0.078,-0.071,-0.085
1960-03,-0.07,-0.078,-0.071,-0.085
1960-04,-0.069,-0.078,-0.071,-0.085
1960-05,-0.066,-0.078,-0.071,-0.085
1960-06,-0.118,-0.078,-0.071,-0.085
1960-07,-0.13,-0.078,-0.071,-0.085
1960-08,-0.136,-0.077,-0.07,-0.084
1960-09,-0.122,-0.077,-0.07,-0.084
1960-10,-0.101,-0.077,-0.07,-0.084
1960-11,-0.097,-0.077,-0.07,-0.084
1960-12,-0.103,-0.077,-0.07,-0.084
1961-01,-0.069,-0.077,-0.07,-0.084
1961-02,-0.131,-0.076,-0.069,-0.083
1961-03,-0.131,-0.076,-0.069,-0.083
1961-04,-0.1,-0.076,-0.069,-0.083
1961-05,-0.163,-0.076,-0.069,-0.083
1961-06,-0.139,-0.076,-0.069,-0.083
1961-07,-0.112,-0.076,-0.069,-0.083
1961-08,-0.072,-0.075,-0.068,-0.082
1961-09,-0.106,-0.075,-0.068,-0.082
1961-10,-0.134,-0.075,-0.068,-0.082
1961-11,-0.109,-0.075,-0.068,-0.082
1961-12,-0.076,-0.075,-0.068,-0.082
1962-01,-0.081,-0.075,-0.068,-0.082
1962-02,-0.097,-0.074,-0.067,-0.081
1962-03,-0.149,-0.074,-0.067,-0.081
1962-04,-0.094,-0.074,-0.067,-0.081
1962-05,-0.102,-0.074,-0.067,-0.081
1962-06,-0.136,-0.074,-0.067,-0.081
1962-07,-0.167,-0.074,-0.067,-0.081
1962-08,-0.127,-0.073,-0.066,-0.08
1962-09,-0.112,-0.073,-0.066,-0.08
1962-10,-0.101,-0.073,-0.066,-0.08
1962-11,-0.143,-0.073,-0.066,-0.08
1962-12,-0.119,-0.073,-0.066,-0.08
1963-01,-0.051,-0.073,-0.066,-0.08
1963-02,-0.079,-0.072,-0.065,-0.079
1963-03,-0.107,-0.072,-0.065,-0.079
1963-04,-0.081,-0.072,-0.065,-0.079
1963-05,-0.078,-0.072,-0.065,-0.079
1963-06,-0.048,-0.072,-0.065,-0.079
1963-07,-0.042,-0.072,-0.065,-0.079
1963-08,-0.045,-0.071,-0.064,-0.078
1963-09,-0.039,-0.071,-0.064,-0.078
1963-10,-0.067,-0.071,-0.064,-0.078
1963-11,-0.06,-0.071,-0.064,-0.078
1963-12,-0.024,-0.071,-0.064,-0.078
1964-01,-0.06,-0.071,-0.064,-0.078
1964-02,-0.112,-0.07,-0.063,-0.077
1964-03,-0.116,-0.07,-0.063,-0.077
1964-04,-0.109,-0.07,-0.063,-0.077
1964-05,-0.145,-0.07,-0.063,-0.077
1964-06,-0.152,-0.07,-0.063,-0.077
1964-07,-0.14,-0.069,-0.062,-0.076
1964-08,-0.09,-0.069,-0.062,-0.076
1964-09,-0.119,-0.069,-0.062,-0.076
1964-10,-0.125,-0.069,-0.062,-0.076
1964-11,-0.143,-0.069,-0.062,-0.076
1964-12,-0.131,-0.069,-0.062,-0.076
1965-01,-0.1,-0.068,-0.061,-0.075
1965-02,-0.027,-0.068,-0.061,-0.075
1965-03,-0.027,-0.068,-0.061,-0.075
1965-04,-0.011,-0.068,-0.061,-0.075
1965-05,-0.118,-0.068,-0.061,-0.075
1965-06,-0.091,-0.068,-0.061,-0.075
1965-07,-0.103,-0.067,-0.06,-0.074
1965-08,-0.039,-0.067,-0.06,-0.074
1965-09,-0.036,-0.067,-0.06,-0.074
1965-10,-0.049,-0.067,-0.06,-0.074
1965-11,-0.054,-0.067,-0.06,-0.074
1965-12,-0.009,-0.067,-0.06,-0.074
1966-01,-0.027,-0.066,-0.059,-0.073
1966-02,-0.085,-0.066,-0.059,-0.073
1966-03,-0.067,-0.066,-0.059,-0.073
1966-04,-0.005,-0.066,-0.059,-0.073
1966-05,-0.02,-0.066,-0.059,-0.073
1966-06,-0.033,-0.066,-0.059,-0.073
1966-07,-0.042,-0.065,-0.058,-0.072
1966-08,0.004,-0.065,-0.058,-0.072
1966-09,-0.048,-0.065,-0.058,-0.072
1966-10,-0.049,-0.065,-0.058,-0.072
1966-11,-0.091,-0.065,-0.058,-0.072
1966-12,-0.076,-0.065,-0.058,-0.072
1967-01,-0.02,-0.064,-0.057,-0.071
1967-02,-0.073,-0.064,-0.057,-0.071
1967-03,-0.058,-0.064,-0.057,-0.071
1967-04,-0.051,-0.064,-0.057,-0.071
1967-05,-0.002,-0.064,-0.057,-0.071
1967-06,0.016,-0.064,-0.057,-0.071
1967-07,0.004,-0.063,-0.056,-0.07
1967-08,0.035,-0.063,-0.056,-0.07
1967-09,-0.015,-0.063,-0.056,-0.07
1967-10,-0.079,-0.063,-0.057,-0.069
1967-11,-0.027,-0.063,-0.057,-0.069
1967-12,-0.049,-0.063,-0.057,-0.069
1968-01,-0.027,-0.062,-0.056,-0.068
1968-02,-0.021,-0.062,-0.056,-0.068
1968-03,-0.095,-0.062,-0.056,-0.068
1968-04,-0.069,-0.062,-0.056,-0.068
1968-05,-0.063,-0.062,-0.056,-0.068
1968-06,-0.081,-0.062,-0.056,-0.068
1968-07,-0.085,-0.061,-0.055,-0.067
1968-08,-0.075,-0.061,-0.055,-0.067
1968-09,-0.079,-0.061,-0.055,-0.067
1968-10,-0.061,-0.061,-0.055,-0.067
1968-11,-0.051,-0.061,-0.055,-0.067
1968-12,-0.067,-0.061,-0.055,-0.067
1969-01,-0.002,-0.06,-0.054,-0.066
1969-02,-0.03,-0.06,-0.054,-0.066
1969-03,-0.058,-0.06,-0.054,-0.066
1969-04,-0.042,-0.06,-0.054,-0.066
1969-05,-0.054,-0.06,-0.054,-0.066
1969-06,-0.072,-0.06,-0.054,-0.066
1969-07,-0.072,-0.059,-0.053,-0.065
1969-08,-0.051,-0.059,-0.053,-0.065
1969-09,-0.048,-0.059,-0.053,-0.065
1969-10,-0.009,-0.059,-0.053,-0.065
1969-11,0.01,-0.059,-0.053,-0.065
1969-12,-0.027,-0.059,-0.053,-0.065
1970-01,-0.1,-0.058,-0.052,-0.064
1970-02,-0.048,-0.058,-0.052,-0.064
1970-03,0.0,-0.058,-0.052,-0.064
1970-04,-0.069,-0.058,-0.052,-0.064
1970-05,-0.063,-0.058,-0.052,-0.064
1970-06,-0.069,-0.058,-0.052,-0.064
1970-07,-0.072,-0.057,-0.051,-0.063
1970-08,-0.075,-0.057,-0.051,-0.063
1970-09,-0.088,-0.057,-0.051,-0.063
1970-10,-0.067,-0.057,-0.051,-0.063
1970-11,-0.07,-0.057,-0.051,-0.063
1970-12,-0.113,-0.057,-0.051,-0.063
1971-01,-0.109,-0.056,-0.05,-0.062
1971-02,-0.097,-0.056,-0.05,-0.062
1971-03,-0.125,-0.056,-0.05,-0.062
1971-04,-0.088,-0.056,-0.05,-0.062
1971-05,-0.081,-0.056,-0.05,-0.062
1971-06,-0.06,-0.056,-0.05,-0.062
1971-07,-0.048,-0.055,-0.049,-0.061
1971-08,-0.06,-0.055,-0.049,-0.061
1971-09,-0.115,-0.055,-0.049,-0.061
1971-10,-0.131,-0.055,-0.049,-0.061
1971-11,-0.131,-0.055,-0.049,-0.061
1971-12,-0.116,-0.055,-0.049,-0.061
1972-01,-0.081,-0.054,-0.048,-0.06
1972-02,-0.076,-0.054,-0.048,-0.06
1972-03,-0.021,-0.054,-0.048,-0.06
1972-04,-0.039,-0.054,-0.048,-0.06
1972-05,-0.057,-0.054,-0.048,-0.06
1972-06,-0.008,-0.054,-0.048,-0.06
1972-07,-0.045,-0.053,-0.047,-0.059
1972-08,-0.017,-0.053,-0.047,-0.059
1972-09,-0.036,-0.053,-0.047,-0.059
1972-10,0.003,-0.053,-0.047,-0.059
1972-11,0.022,-0.053,-0.047,-0.059
1972-12,0.058,-0.052,-0.046,-0.058
1973-01,-0.06,-0.052,-0.046,-0.058
1973-02,-0.006,-0.052,-0.046,-0.058
1973-03,-0.055,-0.052,-0.046,-0.058
1973-04,-0.1,-0.052,-0.046,-0.058
1973-05,-0.078,-0.052,-0.046,-0.058
1973-06,-0.084,-0.051,-0.045,-0.057
1973-07,-0.091,-0.051,-0.045,-0.057
1973-08,-0.093,-0.051,-0.045,-0.057
1973-09,-0.167,-0.051,-0.045,-0.057
1973-10,-0.137,-0.051,-0.045,-0.057
1973-11,-0.161,-0.051,-0.045,-0.057
1973-12,-0.131,-0.05,-0.044,-0.056
1974-01,-0.097,-0.05,-0.044,-0.056
1974-02,-0.106,-0.05,-0.044,-0.056
1974-03,-0.067,-0.05,-0.044,-0.056
1974-04,-0.054,-0.05,-0.044,-0.056
1974-05,-0.035,-0.05,-0.044,-0.056
1974-06,-0.03,-0.049,-0.043,-0.055
1974-07,-0.045,-0.049,-0.043,-0.055
1974-08,-0.078,-0.049,-0.043,-0.055
1974-09,-0.051,-0.049,-0.043,-0.055
1974-10,-0.104,-0.049,-0.043,-0.055
1974-11,-0.097,-0.049,-0.043,-0.055
1974-12,-0.094,-0.048,-0.042,-0.054
1975-01,-0.106,-0.048,-0.042,-0.054
1975-02,-0.115,-0.048,-0.042,-0.054
1975-03,-0.067,-0.048,-0.042,-0.054
1975-04,-0.066,-0.048,-0.042,-0.054
1975-05,-0.105,-0.048,-0.042,-0.054
1975-06,-0.094,-0.047,-0.041,-0.053
1975-07,-0.079,-0.047,-0.041,-0.053
1975-08,-0.112,-0.047,-0.041,-0.053
1975-09,-0.088,-0.047,-0.041,-0.053
1975-10,-0.128,-0.047,-0.041,-0.053
1975-11,-0.115,-0.047,-0.041,-0.053
1975-12,-0.137,-0.046,-0.04,-0.052
1976-01,-0.094,-0.046,-0.04,-0.052
1976-02,-0.064,-0.046,-0.04,-0.052
1976-03,-0.067,-0.046,-0.04,-0.052
1976-04,-0.057,-0.046,-0.04,-0.052
1976-05,-0.026,-0.046,-0.04,-0.052
1976-06,-0.023,-0.045,-0.039,-0.051
1976-07,-0.018,-0.045,-0.039,-0.051
1976-08,-0.093,-0.045,-0.039,-0.051
1976-09,-0.018,-0.045,-0.039,-0.051
1976-10,-0.028,-0.045,-0.039,-0.051
1976-11,0.016,-0.045,-0.039,-0.051
1976-12,0.022,-0.044,-0.038,-0.05
1977-01,-0.008,-0.044,-0.038,-0.05
1977-02,-0.067,-0.044,-0.038,-0.05
1977-03,-0.098,-0.044,-0.038,-0.05
1977-04,-0.103,-0.044,-0.038,-0.05
1977-05,-0.09,-0.044,-0.038,-0.05
1977-06,-0.084,-0.043,-0.037,-0.049
1977-07,-0.076,-0.043,-0.037,-0.049
1977-08,-0.054,-0.043,-0.037,-0.049
1977-09,-0.073,-0.043,-0.037,-0.049
1977-10,-0.046,-0.043,-0.037,-0.049
1977-11,-0.018,-0.043,-0.037,-0.049
1977-12,-0.009,-0.042,-0.036,-0.048
1978-01,0.001,-0.042,-0.036,-0.048
1978-02,0.002,-0.042,-0.036,-0.048
1978-03,-0.005,-0.042,-0.036,-0.048
1978-04,-0.052,-0.042,-0.036,-0.048
1978-05,-0.047,-0.042,-0.036,-0.048
1978-06,-0.082,-0.041,-0.035,-0.047
1978-07,-0.085,-0.041,-0.035,-0.047
1978-08,-0.081,-0.041,-0.035,-0.047
1978-09,-0.051,-0.041,-0.035,-0.047
1978-10,-0.021,-0.041,-0.035,-0.047
1978-11,-0.024,-0.041,-0.035,-0.047
1978-12,-0.024,-0.04,-0.034,-0.046
1979-01,0.002,-0.04,-0.034,-0.046
1979-02,-0.032,-0.04,-0.034,-0.046
1979-03,-0.033,-0.04,-0.034,-0.046
1979-04,-0.036,-0.04,-0.034,-0.046
1979-05,-0.063,-0.04,-0.034,-0.046
1979-06,-0.057,-0.039,-0.033,-0.045
1979-07,-0.057,-0.039,-0.033,-0.045
1979-08,-0.042,-0.039,-0.033,-0.045
1979-09,-0.039,-0.039,-0.033,-0.045
1979-10,-0.07,-0.039,-0.033,-0.045
1979-11,-0.076,-0.039,-0.033,-0.045
1979-12,-0.027,-0.038,-0.032,-0.044
1980-01,0.007,-0.038,-0.032,-0.044
1980-02,0.046,-0.038,-0.032,-0.044
1980-03,-0.006,-0.038,-0.032,-0.044
1980-04,-0.027,-0.038,-0.032,-0.044
1980-05,-0.041,-0.038,-0.032,-0.044
1980-06,-0.042,-0.037,-0.031,-0.043
1980-07,-0.091,-0.037,-0.031,-0.043
1980-08,-0.039,-0.037,-0.031,-0.043
1980-09,-0.061,-0.037,-0.031,-0.043
1980-10,-0.07,-0.037,-0.031,-0.043
1980-11,-0.073,-0.037,-0.031,-0.043
1980-12,-0.036,-0.036,-0.03,-0.042
1981-01,-0.014,-0.036,-0.03,-0.042
1981-02,-0.039,-0.036,-0.03,-0.042
1981-03,-0.034,-0.036,-0.03,-0.042
1981-04,-0.011,-0.036,-0.03,-0.042
1981-05,0.013,-0.035,-0.029,-0.041
1981-06,-0.014,-0.035,-0.029,-0.041
1981-07,-0.024,-0.035,-0.029,-0.041
1981-08,-0.057,-0.035,-0.029,-0.041
1981-09,-0.088,-0.035,-0.029,-0.041
1981-10,-0.055,-0.035,-0.029,-0.041
1981-11,-0.064,-0.034,-0.028,-0.04
1981-12,-0.067,-0.034,-0.028,-0.04
1982-01,-0.085,-0.034,-0.028,-0.04
1982-02,-0.054,-0.034,-0.028,-0.04
1982-03,0.0,-0.034,-0.028,-0.04
1982-04,-0.057,-0.034,-0.028,-0.04
1982-05,-0.005,-0.033,-0.027,-0.039
1982-06,-0.051,-0.033,-0.027,-0.039
1982-07,-0.048,-0.033,-0.027,-0.039
1982-08,-0.008,-0.033,-0.027,-0.039
1982-09,0.046,-0.033,-0.027,-0.039
1982-10,0.043,-0.033,-0.027,-0.039
1982-11,0.122,-0.032,-0.026,-0.038
1982-12,0.073,-0.032,-0.026,-0.038
1983-01,0.129,-0.032,-0.026,-0.038
1983-02,0.068,-0.032,-0.026,-0.038
1983-03,0.015,-0.032,-0.026,-0.038
1983-04,0.04,-0.032,-0.026,-0.038
1983-05,0.029,-0.031,-0.025,-0.037
1983-06,0.092,-0.031,-0.025,-0.037
1983-07,0.095,-0.031,-0.025,-0.037
1983-08,0.086,-0.031,-0.025,-0.037
1983-09,0.11,-0.031,-0.025,-0.037
1983-10,0.061,-0.031,-0.025,-0.037
1983-11,-0.006,-0.03,-0.024,-0.036
1983-12,-0.036,-0.03,-0.023,-0.037
1984-01,-0.027,-0.03,-0.023,-0.037
1984-02,-0.045,-0.03,-0.023,-0.037
1984-03,0.024,-0.03,-0.023,-0.037
1984-04,-0.008,-0.03,-0.023,-0.037
1984-05,0.029,-0.029,-0.022,-0.036
1984-06,0.025,-0.029,-0.022,-0.036
1984-07,0.037,-0.029,-0.022,-0.036
1984-08,0.032,-0.029,-0.022,-0.036
1984-09,0.061,-0.029,-0.022,-0.036
1984-10,-0.012,-0.029,-0.022,-0.036
1984-11,-0.048,-0.028,-0.021,-0.035
1984-12,-0.03,-0.028,-0.021,-0.035
1985-01,-0.03,-0.028,-0.021,-0.035
1985-02,-0.042,-0.028,-0.021,-0.035
1985-03,-0.07,-0.028,-0.021,-0.035
1985-04,-0.011,-0.028,-0.021,-0.035
1985-05,-0.06,-0.027,-0.02,-0.034
1985-06,-0.042,-0.027,-0.02,-0.034
1985-07,-0.015,-0.027,-0.02,-0.034
1985-08,-0.048,-0.027,-0.02,-0.034
1985-09,-0.03,-0.027,-0.02,-0.034
1985-10,-0.024,-0.027,-0.02,-0.034
1985-11,-0.039,-0.026,-0.019,-0.033
1985-12,-0.045,-0.026,-0.019,-0.033
1986-01,-0.051,-0.026,-0.019,-0.033
1986-02,-0.018,-0.026,-0.019,-0.033
1986-03,-0.049,-0.026,-0.019,-0.033
1986-04,-0.008,-0.026,-0.019,-0.033
1986-05,-0.011,-0.025,-0.018,-0.032
1986-06,-0.051,-0.025,-0.018,-0.032
1986-07,-0.036,-0.025,-0.018,-0.032
1986-08,-0.039,-0.025,-0.018,-0.032
1986-09,-0.039,-0.025,-0.018,-0.032
1986-10,-0.018,-0.025,-0.018,-0.032
1986-11,0.043,-0.024,-0.017,-0.031
1986-12,0.034,-0.024,-0.017,-0.031
1987-01,0.004,-0.024,-0.017,-0.031
1987-02,0.058,-0.024,-0.017,-0.031
1987-03,-0.012,-0.024,-0.017,-0.031
1987-04,-0.011,-0.024,-0.017,-0.031
1987-05,0.038,-0.023,-0.016,-0.03
1987-06,-0.036,-0.023,-0.016,-0.03
1987-07,-0.008,-0.023,-0.016,-0.03
1987-08,-0.02,-0.023,-0.016,-0.03
1987-09,-0.003,-0.023,-0.016,-0.03
1987-10,-0.015,-0.023,-0.016,-0.03
1987-11,0.031,-0.022,-0.015,-0.029
1987-12,-0.042,-0.022,-0.015,-0.029
1988-01,-0.051,-0.022,-0.015,-0.029
1988-02,0.004,-0.022,-0.015,-0.029
1988-03,0.003,-0.022,-0.015,-0.029
1988-04,0.01,-0.022,-0.015,-0.029
1988-05,-0.051,-0.021,-0.014,-0.028
1988-06,-0.06,-0.021,-0.014,-0.028
1988-07,-0.021,-0.021,-0.014,-0.028
1988-08,-0.045,-0.021,-0.014,-0.028
1988-09,-0.024,-0.021,-0.014,-0.028
1988-10,-0.04,-0.021,-0.014,-0.028
1988-11,-0.106,-0.02,-0.013,-0.027
1988-12,-0.106,-0.02,-0.013,-0.027
1989-01,-0.112,-0.02,-0.013,-0.027
1989-02,-0.125,-0.02,-0.013,-0.027
1989-03,-0.024,-0.02,-0.013,-0.027
1989-04,-0.014,-0.02,-0.013,-0.027
1989-05,0.01,-0.019,-0.012,-0.026
1989-06,-0.011,-0.019,-0.012,-0.026
1989-07,-0.002,-0.019,-0.012,-0.026
1989-08,-0.035,-0.019,-0.012,-0.026
1989-09,0.006,-0.019,-0.012,-0.026
1989-10,-0.034,-0.018,-0.011,-0.025
1989-11,0.025,-0.018,-0.011,-0.025
1989-12,-0.006,-0.018,-0.011,-0.025
1990-01,0.004,-0.018,-0.011,-0.025
1990-02,-0.033,-0.018,-0.011,-0.025
1990-03,-0.006,-0.018,-0.011,-0.025
1990-04,0.028,-0.017,-0.01,-0.024
1990-05,-0.005,-0.017,-0.01,-0.024
1990-06,0.041,-0.017,-0.01,-0.024
1990-07,0.016,-0.017,-0.01,-0.024
1990-08,0.001,-0.017,-0.01,-0.024
1990-09,0.028,-0.017,-0.01,-0.024
1990-10,0.076,-0.016,-0.009,-0.023
1990-11,0.068,-0.016,-0.009,-0.023
1990-12,0.012,-0.016,-0.009,-0.023
1991-01,0.028,-0.016,-0.009,-0.023
1991-02,0.052,-0.016,-0.009,-0.023
1991-03,-0.003,-0.016,-0.009,-0.023
1991-04,-0.03,-0.015,-0.008,-0.022
1991-05,-0.041,-0.015,-0.008,-0.022
1991-06,-0.008,-0.015,-0.008,-0.022
1991-07,0.01,-0.015,-0.008,-0.022
1991-08,-0.02,-0.015,-0.008,-0.022
1991-09,0.006,-0.015,-0.008,-0.022
1991-10,0.049,-0.014,-0.007,-0.021
1991-11,0.061,-0.014,-0.007,-0.021
1991-12,0.028,-0.014,-0.007,-0.021
1992-01,0.108,-0.014,-0.007,-0.021
1992-02,0.116,-0.014,-0.007,-0.021
1992-03,0.158,-0.014,-0.007,-0.021
1992-04,0.083,-0.013,-0.006,-0.02
1992-05,0.044,-0.013,-0.006,-0.02
1992-06,-0.011,-0.013,-0.006,-0.02
1992-07,0.034,-0.013,-0.006,-0.02
1992-08,0.022,-0.013,-0.006,-0.02
1992-09,-0.009,-0.013,-0.006,-0.02
1992-10,0.036,-0.012,-0.005,-0.019
1992-11,0.077,-0.012,-0.005,-0.019
1992-12,0.025,-0.012,-0.005,-0.019
1993-01,0.101,-0.012,-0.005,-0.019
1993-02,0.054,-0.012,-0.005,-0.019
1993-03,0.037,-0.012,-0.005,-0.019
1993-04,0.019,-0.011,-0.004,-0.018
1993-05,0.035,-0.011,-0.004,-0.018
1993-06,0.044,-0.011,-0.004,-0.018
1993-07,0.034,-0.011,-0.004,-0.018
1993-08,0.001,-0.011,-0.004,-0.018
1993-09,-0.006,-0.011,-0.004,-0.018
1993-10,0.027,-0.01,-0.003,-0.017
1993-11,0.002,-0.01,-0.003,-0.017
1993-12,-0.034,-0.01,-0.003,-0.017
1994-01,-0.018,-0.01,-0.003,-0.017
1994-02,-0.052,-0.01,-0.003,-0.017
1994-03,0.02,-0.01,-0.003,-0.017
1994-04,-0.058,-0.009,-0.002,-0.016
1994-05,-0.043,-0.009,-0.002,-0.016
1994-06,-0.049,-0.009,-0.002,-0.016
1994-07,-0.019,-0.009,-0.002,-0.016
1994-08,0.005,-0.009,-0.002,-0.016
1994-09,-0.02,-0.009,-0.002,-0.016
1994-10,0.004,-0.008,-0.001,-0.015
1994-11,-0.019,-0.008,-0.001,-0.015
1994-12,-0.024,-0.008,-0.001,-0.015
1995-01,-0.001,-0.008,-0.001,-0.015
1995-02,0.033,-0.008,0.0,-0.016
1995-03,0.019,-0.008,0.0,-0.016
1995-04,-0.035,-0.007,0.001,-0.015
1995-05,-0.049,-0.007,0.001,-0.015
1995-06,-0.02,-0.007,0.001,-0.015
1995-07,-0.018,-0.007,0.001,-0.015
1995-08,0.028,-0.007,0.001,-0.015
1995-09,-0.005,-0.007,0.001,-0.015
1995-10,-0.034,-0.006,0.002,-0.014
1995-11,-0.033,-0.006,0.002,-0.014
1995-12,-0.009,-0.006,0.002,-0.014
1996-01,-0.054,-0.006,0.002,-0.014
1996-02,-0.013,-0.006,0.002,-0.014
1996-03,-0.018,-0.006,0.002,-0.014
1996-04,-0.029,-0.005,0.003,-0.013
1996-05,0.013,-0.005,0.003,-0.013
1996-06,-0.015,-0.005,0.003,-0.013
1996-07,-0.035,-0.005,0.003,-0.013
1996-08,-0.006,-0.005,0.003,-0.013
1996-09,0.012,-0.005,0.003,-0.013
1996-10,-0.001,-0.004,0.004,-0.012
1996-11,-0.037,-0.004,0.004,-0.012
1996-12,-0.036,-0.004,0.004,-0.012
1997-01,-0.031,-0.004,0.004,-0.012
1997-02,-0.021,-0.004,0.004,-0.012
1997-03,0.047,-0.004,0.004,-0.012
1997-04,0.013,-0.003,0.005,-0.011
1997-05,0.103,-0.003,0.005,-0.011
1997-06,0.081,-0.003,0.005,-0.011
1997-07,0.059,-0.003,0.005,-0.011
1997-08,0.095,-0.003,0.005,-0.011
1997-09,0.12,-0.003,0.005,-0.011
1997-10,0.174,-0.002,0.006,-0.01
1997-11,0.204,-0.002,0.006,-0.01
1997-12,0.185,-0.002,0.006,-0.01
1998-01,0.146,-0.002,0.006,-0.01
1998-02,0.079,-0.002,0.006,-0.01
1998-03,0.074,-0.001,0.007,-0.009
1998-04,-0.006,-0.001,0.007,-0.009
1998-05,0.002,-0.001,0.007,-0.009
1998-06,0.004,-0.001,0.007,-0.009
1998-07,0.049,-0.001,0.007,-0.009
1998-08,0.055,-0.001,0.007,-0.009
1998-09,0.018,0.0,0.008,-0.008
1998-10,-0.01,0.0,0.008,-0.008
1998-11,-0.013,0.0,0.008,-0.008
1998-12,-0.084,0.0,0.008,-0.008
1999-01,-0.037,0.0,0.008,-0.008
1999-02,-0.079,0.0,0.008,-0.008
1999-03,-0.033,0.001,0.009,-0.007
1999-04,-0.02,0.001,0.009,-0.007
1999-05,0.014,0.001,0.009,-0.007
1999-06,-0.012,0.001,0.009,-0.007
1999-07,-0.016,0.001,0.009,-0.007
1999-08,-0.056,0.001,0.009,-0.007
1999-09,-0.082,0.002,0.01,-0.006
1999-10,-0.072,0.002,0.01,-0.006
1999-11,-0.098,0.002,0.01,-0.006
1999-12,-0.083,0.002,0.01,-0.006
2000-01,-0.051,0.002,0.01,-0.006
2000-02,-0.047,0.002,0.01,-0.006
2000-03,-0.002,0.003,0.011,-0.005
2000-04,-0.018,0.003,0.011,-0.005
2000-05,0.009,0.003,0.011,-0.005
2000-06,0.036,0.003,0.011,-0.005
2000-07,0.011,0.003,0.011,-0.005
2000-08,-0.026,0.003,0.011,-0.005
2000-09,-0.024,0.004,0.012,-0.004
2000-10,-0.045,0.004,0.012,-0.004
2000-11,-0.06,0.004,0.012,-0.004
2000-12,-0.086,0.004,0.012,-0.004
2001-01,-0.054,0.004,0.012,-0.004
2001-02,-0.048,0.004,0.012,-0.004
2001-03,-0.002,0.005,0.013,-0.003
2001-04,-0.05,0.005,0.013,-0.003
2001-05,0.03,0.005,0.013,-0.003
2001-06,0.004,0.005,0.013,-0.003
2001-07,-0.03,0.005,0.013,-0.003
2001-08,-0.016,0.005,0.013,-0.003
2001-09,-0.013,0.006,0.014,-0.002
2001-10,-0.039,0.006,0.014,-0.002
2001-11,-0.062,0.006,0.014,-0.002
2001-12,-0.067,0.006,0.014,-0.002
2002-01,-0.053,0.006,0.014,-0.002
2002-02,-0.027,0.006,0.014,-0.002
2002-03,-0.046,0.007,0.015,-0.001
2002-04,-0.041,0.007,0.015,-0.001
2002-05,-0.048,0.007,0.015,-0.001
2002-06,-0.02,0.007,0.015,-0.001
2002-07,-0.014,0.007,0.015,-0.001
2002-08,-0.044,0.007,0.015,-0.001
2002-09,0.005,0.008,0.016,0.0
2002-10,-0.022,0.008,0.017,-0.001
2002-11,0.045,0.008,0.017,-0.001
2002-12,0.003,0.008,0.017,-0.001
2003-01,-0.003,0.008,0.017,-0.001
2003-02,0.071,0.008,0.017,-0.001
2003-03,-0.065,0.009,0.018,0.0
2003-04,-0.014,0.009,0.018,0.0
2003-05,-0.022,0.009,0.018,0.0
2003-06,-0.006,0.009,0.018,0.0
2003-07,0.01,0.009,0.018,0.0
2003-08,0.006,0.009,0.018,0.0
2003-09,-0.005,0.01,0.019,0.001
2003-10,0.07,0.01,0.019,0.001
2003-11,0.0,0.01,0.019,0.001
2003-12,-0.013,0.01,0.019,0.001
2004-01,0.016,0.01,0.019,0.001
2004-02,-0.032,0.01,0.019,0.001
2004-03,0.043,0.011,0.02,0.002
2004-04,0.004,0.011,0.02,0.002
2004-05,0.048,0.011,0.02,0.002
2004-06,0.047,0.011,0.02,0.002
2004-07,-0.01,0.011,0.02,0.002
2004-08,-0.007,0.011,0.02,0.002
2004-09,0.062,0.012,0.021,0.003
2004-10,0.045,0.012,0.021,0.003
2004-11,0.026,0.012,0.021,0.003
2004-12,0.041,0.012,0.021,0.003
2005-01,0.07,0.012,0.021,0.003
2005-02,0.086,0.012,0.021,0.003
2005-03,0.022,0.013,0.022,0.004
2005-04,0.033,0.013,0.022,0.004
2005-05,0.042,0.013,0.022,0.004
2005-06,0.0,0.013,0.022,0.004
2005-07,0.035,0.013,0.022,0.004
2005-08,0.019,0.013,0.022,0.004
2005-09,-0.033,0.014,0.023,0.005
2005-10,-0.006,0.014,0.023,0.005
2005-11,-0.019,0.014,0.023,0.005
2005-12,-0.035,0.014,0.023,0.005
2006-01,-0.065,0.014,0.023,0.005
2006-02,-0.028,0.014,0.023,0.005
2006-03,-0.05,0.015,0.024,0.006
2006-04,-0.009,0.015,0.024,0.006
2006-05,0.017,0.015,0.024,0.006
2006-06,0.007,0.015,0.024,0.006
2006-07,0.058,0.015,0.024,0.006
2006-08,0.014,0.016,0.025,0.007
2006-09,0.022,0.016,0.025,0.007
2006-10,0.034,0.016,0.025,0.007
2006-11,0.035,0.016,0.025,0.007
2006-12,0.005,0.016,0.025,0.007
2007-01,-0.001,0.016,0.025,0.007
2007-02,-0.038,0.017,0.026,0.008
2007-03,-0.053,0.017,0.026,0.008
2007-04,-0.019,0.017,0.026,0.008
2007-05,-0.028,0.017,0.026,0.008
2007-06,-0.019,0.017,0.026,0.008
2007-07,0.021,0.017,0.026,0.008
2007-08,0.004,0.018,0.027,0.009
2007-09,-0.021,0.018,0.027,0.009
2007-10,-0.056,0.018,0.027,0.009
2007-11,-0.046,0.018,0.027,0.009
2007-12,-0.046,0.018,0.027,0.009
2008-01,-0.056,0.018,0.027,0.009
2008-02,-0.063,0.019,0.028,0.01
2008-03,-0.105,0.019,0.028,0.01
2008-04,-0.048,0.019,0.028,0.01
2008-05,0.013,0.019,0.028,0.01
2008-06,0.061,0.019,0.028,0.01
2008-07,0.072,0.019,0.028,0.01
2008-08,0.087,0.02,0.029,0.011
2008-09,0.047,0.02,0.029,0.011
2008-10,0.012,0.02,0.029,0.011
2008-11,0.0,0.02,0.029,0.011
2008-12,0.001,0.02,0.029,0.011
2009-01,-0.021,0.02,0.029,0.011
2009-02,-0.028,0.021,0.03,0.012
2009-03,0.007,0.021,0.03,0.012
2009-04,-0.022,0.021,0.031,0.011
2009-05,0.014,0.021,0.031,0.011
2009-06,0.02,0.021,0.031,0.011
2009-07,-0.007,0.021,0.031,0.011
2009-08,-0.007,0.022,0.032,0.012
2009-09,0.027,0.022,0.032,0.012
2009-10,0.071,0.022,0.032,0.012
2009-11,0.026,0.022,0.032,0.012
2009-12,0.079,0.022,0.032,0.012
2010-01,0.063,0.022,0.032,0.012
2010-02,0.08,0.023,0.033,0.013
2010-03,-0.012,0.023,0.033,0.013
2010-05,-0.023,0.023,0.033,0.013
2010-06,0.001,0.023,0.033,0.013
2010-07,-0.035,0.023,0.033,0.013
2010-08,-0.035,0.024,0.034,0.014
2010-09,-0.043,0.024,0.034,0.014
2010-10,-0.041,0.024,0.034,0.014
2010-11,-0.042,0.024,0.034,0.014
2010-12,-0.015,0.024,0.034,0.014
2011-01,-0.001,0.024,0.034,0.014
2011-02,-0.024,0.025,0.035,0.015
2011-03,-0.022,0.025,0.035,0.015
2011-04,0.055,0.025,0.035,0.015
2011-05,0.055,0.025,0.035,0.015
2011-06,0.04,0.025,0.035,0.015
2011-07,0.067,0.025,0.035,0.015
2011-08,0.017,0.026,0.036,0.016
2011-09,-0.012,0.026,0.036,0.016
2011-10,-0.027,0.026,0.036,0.016
2011-11,-0.037,0.026,0.036,0.016
2011-12,-0.023,0.026,0.036,0.016
2012-01,-0.01,0.026,0.036,0.016
2012-02,-0.003,0.027,0.037,0.017
2012-03,0.014,0.027,0.037,0.017
2012-04,0.03,0.027,0.037,0.017
2012-05,0.063,0.027,0.037,0.017
2012-06,0.088,0.027,0.037,0.017
2012-07,0.032,0.027,0.037,0.017
2012-08,0.085,0.028,0.038,0.018
2012-09,0.071,0.028,0.038,0.018
2012-10,0.075,0.028,0.038,0.018
2012-11,0.029,0.028,0.038,0.018
2012-12,0.03,0.028,0.038,0.018
2013-01,-0.018,0.028,0.038,0.018
2013-02,-0.004,0.029,0.039,0.019
2013-03,0.026,0.029,0.039,0.019
2013-04,0.045,0.029,0.039,0.019
2013-05,0.034,0.029,0.039,0.019
2013-06,0.028,0.029,0.039,0.019
2013-07,0.021,0.029,0.039,0.019
2013-08,-0.006,0.03,0.04,0.02
2013-09,0.039,0.03,0.04,0.02
2013-10,0.054,0.03,0.04,0.02
2013-11,0.043,0.03,0.04,0.02
2013-12,0.039,0.03,0.04,0.02
2014-01,0.067,0.03,0.04,0.02
2014-02,0.021,0.031,0.041,0.021
2014-03,0.051,0.031,0.041,0.021
2014-04,0.088,0.031,0.041,0.021
2014-05,0.113,0.031,0.041,0.021
2014-06,0.09,0.031,0.041,0.021
2014-07,0.072,0.031,0.041,0.021
2014-08,0.042,0.032,0.042,0.022
2014-09,0.121,0.032,0.042,0.022
2014-10,0.138,0.032,0.042,0.022
2014-11,0.066,0.032,0.042,0.022
2014-12,0.109,0.032,0.042,0.022
2015-01,0.074,0.033,0.043,0.023
2015-02,0.101,0.033,0.043,0.023
2015-03,0.111,0.033,0.043,0.023
2015-04,0.091,0.033,0.044,0.022
2015-05,0.096,0.033,0.044,0.022
2015-06,0.106,0.033,0.044,0.022
2015-07,0.127,0.034,0.045,0.023
2015-08,0.07,0.034,0.045,0.023
2015-09,0.176,0.034,0.045,0.023
2015-10,0.2,0.034,0.045,0.023
2015-11,0.171,0.034,0.045,0.023
2015-12,0.156,0.034,0.045,0.023
2016-01,0.068,0.035,0.046,0.024
2016-02,0.093,0.035,0.046,0.024
2016-03,0.088,0.035,0.046,0.024
2016-04,0.028,0.035,0.046,0.024
2016-05,0.008,0.035,0.046,0.024
2016-06,0.031,0.035,0.046,0.024
2016-07,0.029,0.036,0.047,0.025
2016-08,0.031,0.036,0.047,0.025
2016-09,0.026,0.036,0.047,0.025
2016-10,0.007,0.036,0.047,0.025
2016-11,0.018,0.036,0.047,0.025
2016-12,0.01,0.036,0.047,0.025
2017-01,0.021,0.037,0.048,0.026
2017-02,0.024,0.037,0.048,0.026
2017-03,0.035,0.037,0.048,0.026
2017-04,0.012,0.037,0.048,0.026
2017-05,0.026,0.037,0.048,0.026
2017-06,0.044,0.037,0.048,0.026
2017-07,0.037,0.038,0.049,0.027
2017-08,0.038,0.038,0.049,0.027
2017-09,0.025,0.038,0.049,0.027
2017-10,0.035,0.038,0.049,0.027
2017-11,0.01,0.038,0.049,0.027
2017-12,0.032,0.038,0.049,0.027
2018-01,0.018,0.039,0.05,0.028
2018-02,0.04,0.039,0.05,0.028
2018-03,0.007,0.039,0.05,0.028
2018-04,0.001,0.039,0.05,0.028
2018-05,0.016,0.039,0.05,0.028
2018-06,0.036,0.039,0.05,0.028
2018-07,0.043,0.04,0.051,0.029
2018-08,0.054,0.04,0.051,0.029
2018-09,0.028,0.04,0.051,0.029
2018-10,0.081,0.04,0.051,0.029
2018-11,0.083,0.04,0.051,0.029
2018-12,0.05,0.04,0.051,0.029
2019-01,0.048,0.041,0.052,0.03
2019-02,0.021,0.041,0.052,0.03
2019-03,0.034,0.041,0.052,0.03
2019-04,0.061,0.041,0.052,0.03
2019-05,0.019,0.041,0.052,0.03
2019-06,0.03,0.041,0.052,0.03
2019-07,0.006,0.042,0.053,0.031
2019-08,-0.008,0.042,0.053,0.031
2019-09,0.036,0.042,0.053,0.031
2019-10,0.019,0.042,0.053,0.031
2019-11,0.097,0.042,0.053,0.031
2019-12,0.053,0.042,0.053,0.031
2020-01,0.031,0.043,0.054,0.032
2020-02,0.063,0.043,0.054,0.032
2020-03,0.055,0.043,0.054,0.032
2020-04,0.025,0.043,0.054,0.032
2020-05,0.035,0.043,0.054,0.032
2020-06,0.013,0.043,0.054,0.032
2020-07,0.01,0.044,0.055,0.033
2020-08,0.029,0.044,0.055,0.033
2020-09,0.024,0.044,0.055,0.033
2020-10,0.028,0.044,0.055,0.033
2020-11,-0.018,0.044,0.055,0.033
2020-12,-0.011,0.044,0.055,0.033
2021-01,0.017,0.045,0.057,0.033
2021-02,-0.018,0.045,0.057,0.033
2021-03,-0.021,0.045,0.057,0.033
2021-04,0.044,0.045,0.057,0.033
2021-05,0.049,0.045,0.057,0.033
2021-06,0.061,0.045,0.057,0.033
2021-07,0.033,0.046,0.058,0.034
2021-08,0.031,0.046,0.058,0.034
2021-09,-0.002,0.046,0.058,0.034
2021-10,0.012,0.046,0.058,0.034
2021-11,-0.014,0.046,0.058,0.034
2021-12,0.018,0.046,0.058,0.034
2022-01,0.026,0.047,0.059,0.035
2022-02,0.017,0.047,0.059,0.035
2022-03,0.029,0.047,0.059,0.035
2022-04,0.011,0.047,0.059,0.035
2022-05,0.017,0.047,0.059,0.035
2022-06,0.068,0.047,0.059,0.035
2022-07,0.016,0.048,0.06,0.036
2022-08,0.027,0.048,0.06,0.036
2022-09,0.061,0.048,0.06,0.036
2022-10,0.025,0.048,0.06,0.036
2022-11,0.001,0.048,0.06,0.036
2022-12,0.019,0.048,0.06,0.036
2023-01,0.025,0.049,0.061,0.037
2023-02,0.022,0.049,0.061,0.037
2023-03,0.0,0.049,0.061,0.037
2023-04,0.034,0.049,0.061,0.037
2023-05,0.096,0.049,0.061,0.037
2023-06,0.043,0.05,0.062,0.038
2023-07,0.088,0.05,0.062,0.038
2023-08,0.095,0.05,0.062,0.038
2023-09,0.065,0.05,0.062,0.038
2023-10,0.113,0.05,0.062,0.038
2023-11,0.118,0.05,0.062,0.038
2023-12,0.12,0.051,0.063,0.039
2024-01,0.058,0.051,0.063,0.039
2024-02,0.058,0.051,0.063,0.039
2024-03,0.031,0.051,0.063,0.039
2024-04,0.022,0.051,0.063,0.039
2024-05,0.015,0.051,0.063,0.039
2024-06,0.041,0.052,0.064,0.04
2024-07,0.022,0.052,0.064,0.04
2024-08,0.027,0.052,0.064,0.04
2024-09,0.019,0.052,0.064,0.04
2024-10,0.024,0.052,0.064,0.04
2024-11,-0.024,0.052,0.064,0.04
2024-12,-0.023,0.053,0.065,0.041
2025-01,-0.003,0.053,0.065,0.041
2025-02,-0.03,0.053,0.065,0.041
2025-03,0.005,0.053,0.065,0.041
2025-04,0.024,0.053,0.065,0.041
2025-05,0.063,0.053,0.065,0.041
2025-06,0.072,0.054,0.066,0.042
2025-07,0.036,0.054,0.066,0.042
2025-08,0.048,0.054,0.066,0.042
2025-09,0.038,0.054,0.066,0.042
2025-10,0.041,0.054,0.066,0.042
2025-11,0.07,,,
2025-12,0.082,,,
2026-01,0.084,,,
2026-02,0.087,,,
