date,industrial_ppi_nominal,year,month,decade,industrial_index_2024base,mom_pct,yoy_pct,rolling_vol_12m,shock,direction,event
1958-01-01,17.4,1958,1,1950,6.817687589261751,,,,False,flat,
1958-02-01,17.4,1958,2,1950,6.817687589261751,0.0,,,False,flat,
1958-03-01,17.4,1958,3,1950,6.817687589261751,0.0,,,False,flat,
1958-04-01,17.4,1958,4,1950,6.817687589261751,0.0,,,False,flat,
1958-05-01,17.4,1958,5,1950,6.817687589261751,0.0,,,False,flat,
1958-06-01,17.4,1958,6,1950,6.817687589261751,0.0,,,False,flat,
1958-07-01,17.4,1958,7,1950,6.817687589261751,0.0,,,False,flat,
1958-08-01,17.5,1958,8,1950,6.856869701843715,0.5747126436781658,,,False,up,
1958-09-01,17.5,1958,9,1950,6.856869701843715,0.0,,,False,flat,
1958-10-01,17.5,1958,10,1950,6.856869701843715,0.0,,,False,flat,
1958-11-01,17.5,1958,11,1950,6.856869701843715,0.0,,,False,flat,
1958-12-01,17.5,1958,12,1950,6.856869701843715,0.0,,,False,flat,
1959-01-01,17.5,1959,1,1950,6.856869701843715,0.0,0.5747126436781658,0.16590524976713525,False,flat,
1959-02-01,17.5,1959,2,1950,6.856869701843715,0.0,0.5747126436781658,0.16590524976713525,False,flat,
1959-03-01,17.5,1959,3,1950,6.856869701843715,0.0,0.5747126436781658,0.16590524976713525,False,flat,
1959-04-01,17.5,1959,4,1950,6.856869701843715,0.0,0.5747126436781658,0.16590524976713525,False,flat,
1959-05-01,17.5,1959,5,1950,6.856869701843715,0.0,0.5747126436781658,0.16590524976713525,False,flat,
1959-06-01,17.5,1959,6,1950,6.856869701843715,0.0,0.5747126436781658,0.16590524976713525,False,flat,
1959-07-01,17.5,1959,7,1950,6.856869701843715,0.0,0.5747126436781658,0.16590524976713525,False,flat,
1959-08-01,17.5,1959,8,1950,6.856869701843715,0.0,0.0,0.0,False,flat,
1959-09-01,17.5,1959,9,1950,6.856869701843715,0.0,0.0,0.0,False,flat,
1959-10-01,17.5,1959,10,1950,6.856869701843715,0.0,0.0,0.0,False,flat,
1959-11-01,17.5,1959,11,1950,6.856869701843715,0.0,0.0,0.0,False,flat,
1959-12-01,17.6,1959,12,1950,6.89605181442568,0.5714285714285783,0.5714285714285783,0.1649572197684665,False,up,
1960-01-01,17.6,1960,1,1960,6.89605181442568,0.0,0.5714285714285783,0.1649572197684665,False,flat,
1960-02-01,17.8,1960,2,1960,6.974416039589608,1.1363636363636243,1.7142857142857126,0.3535285433864186,False,up,
1960-03-01,17.8,1960,3,1960,6.974416039589608,0.0,1.7142857142857126,0.3535285433864186,False,flat,
1960-04-01,17.8,1960,4,1960,6.974416039589608,0.0,1.7142857142857126,0.3535285433864186,False,flat,
1960-05-01,17.8,1960,5,1960,6.974416039589608,0.0,1.7142857142857126,0.3535285433864186,False,flat,
1960-06-01,17.8,1960,6,1960,6.974416039589608,0.0,1.7142857142857126,0.3535285433864186,False,flat,
1960-07-01,17.8,1960,7,1960,6.974416039589608,0.0,1.7142857142857126,0.3535285433864186,False,flat,
1960-08-01,17.8,1960,8,1960,6.974416039589608,0.0,1.7142857142857126,0.3535285433864186,False,flat,
1960-09-01,17.8,1960,9,1960,6.974416039589608,0.0,1.7142857142857126,0.3535285433864186,False,flat,
1960-10-01,17.8,1960,10,1960,6.974416039589608,0.0,1.7142857142857126,0.3535285433864186,False,flat,
1960-11-01,17.9,1960,11,1960,7.013598152171571,0.561797752808979,2.2857142857142687,0.36979311483632643,False,up,
1960-12-01,17.9,1960,12,1960,7.013598152171571,0.0,1.7045454545454364,0.35247518981733017,False,flat,
1961-01-01,17.9,1961,1,1960,7.013598152171571,0.0,1.7045454545454364,0.35247518981733017,False,flat,
1961-02-01,17.9,1961,2,1960,7.013598152171571,0.0,0.561797752808979,0.16217704190719545,False,flat,
1961-03-01,17.9,1961,3,1960,7.013598152171571,0.0,0.561797752808979,0.16217704190719545,False,flat,
1961-04-01,17.9,1961,4,1960,7.013598152171571,0.0,0.561797752808979,0.16217704190719545,False,flat,
1961-05-01,17.9,1961,5,1960,7.013598152171571,0.0,0.561797752808979,0.16217704190719545,False,flat,
1961-06-01,17.9,1961,6,1960,7.013598152171571,0.0,0.561797752808979,0.16217704190719545,False,flat,
1961-07-01,17.9,1961,7,1960,7.013598152171571,0.0,0.561797752808979,0.16217704190719545,False,flat,
1961-08-01,17.9,1961,8,1960,7.013598152171571,0.0,0.561797752808979,0.16217704190719545,False,flat,
1961-09-01,17.9,1961,9,1960,7.013598152171571,0.0,0.561797752808979,0.16217704190719545,False,flat,
1961-10-01,17.9,1961,10,1960,7.013598152171571,0.0,0.561797752808979,0.16217704190719545,False,flat,
1961-11-01,17.9,1961,11,1960,7.013598152171571,0.0,0.0,0.0,False,flat,
1961-12-01,17.9,1961,12,1960,7.013598152171571,0.0,0.0,0.0,False,flat,
1962-01-01,17.9,1962,1,1960,7.013598152171571,0.0,0.0,0.0,False,flat,
1962-02-01,18.2,1962,2,1960,7.131144489917464,1.6759776536312998,1.6759776536312998,0.48381307473991414,False,up,
1962-03-01,18.2,1962,3,1960,7.131144489917464,0.0,1.6759776536312998,0.48381307473991414,False,flat,
1962-04-01,18.2,1962,4,1960,7.131144489917464,0.0,1.6759776536312998,0.48381307473991414,False,flat,
1962-05-01,18.1,1962,5,1960,7.0919623773355,-0.5494505494505364,1.1173184357541999,0.522671609520984,False,down,
1962-06-01,18.1,1962,6,1960,7.0919623773355,0.0,1.1173184357541999,0.522671609520984,False,flat,
1962-07-01,18.1,1962,7,1960,7.0919623773355,0.0,1.1173184357541999,0.522671609520984,False,flat,
1962-08-01,18.1,1962,8,1960,7.0919623773355,0.0,1.1173184357541999,0.522671609520984,False,flat,
1962-09-01,18.1,1962,9,1960,7.0919623773355,0.0,1.1173184357541999,0.522671609520984,False,flat,
1962-10-01,18.1,1962,10,1960,7.0919623773355,0.0,1.1173184357541999,0.522671609520984,False,flat,
1962-11-01,18.1,1962,11,1960,7.0919623773355,0.0,1.1173184357541999,0.522671609520984,False,flat,
1962-12-01,18.1,1962,12,1960,7.0919623773355,0.0,1.1173184357541999,0.522671609520984,False,flat,
1963-01-01,18.1,1963,1,1960,7.0919623773355,0.0,1.1173184357541999,0.522671609520984,False,flat,
1963-02-01,18.1,1963,2,1960,7.0919623773355,0.0,-0.5494505494505364,0.1586127113158275,False,flat,
1963-03-01,18.1,1963,3,1960,7.0919623773355,0.0,-0.5494505494505364,0.1586127113158275,False,flat,
1963-04-01,18.1,1963,4,1960,7.0919623773355,0.0,-0.5494505494505364,0.1586127113158275,False,flat,
1963-05-01,18.0,1963,5,1960,7.052780264753536,-0.5524861878453136,-0.5524861878453136,0.159489024638021,False,down,
1963-06-01,18.0,1963,6,1960,7.052780264753536,0.0,-0.5524861878453136,0.159489024638021,False,flat,
1963-07-01,18.0,1963,7,1960,7.052780264753536,0.0,-0.5524861878453136,0.159489024638021,False,flat,
1963-08-01,17.9,1963,8,1960,7.013598152171571,-0.5555555555555647,-1.1049723756906271,0.21565332469567094,False,down,
1963-09-01,17.9,1963,9,1960,7.013598152171571,0.0,-1.1049723756906271,0.21565332469567094,False,flat,
1963-10-01,17.8,1963,10,1960,6.974416039589608,-0.5586592178770777,-1.6574585635359185,0.2512680707073844,False,down,
1963-11-01,17.8,1963,11,1960,6.974416039589608,0.0,-1.6574585635359185,0.2512680707073844,False,flat,
1963-12-01,17.8,1963,12,1960,6.974416039589608,0.0,-1.6574585635359185,0.2512680707073844,False,flat,
1964-01-01,17.8,1964,1,1960,6.974416039589608,0.0,-1.6574585635359185,0.2512680707073844,False,flat,
1964-02-01,17.8,1964,2,1960,6.974416039589608,0.0,-1.6574585635359185,0.2512680707073844,False,flat,
1964-03-01,17.4,1964,3,1960,6.817687589261751,-2.2471910112359716,-3.8674033149171394,0.6536126641000443,False,down,
1964-04-01,17.8,1964,4,1960,6.974416039589608,2.298850574712663,-1.6574585635359185,1.0019617695591754,False,up,
1964-05-01,17.8,1964,5,1960,6.974416039589608,0.0,-1.1111111111111072,0.9936726278633673,False,flat,
1964-06-01,17.8,1964,6,1960,6.974416039589608,0.0,-1.1111111111111072,0.9936726278633673,False,flat,
1964-07-01,17.7,1964,7,1960,6.935233927007643,-0.5617977528090012,-1.6666666666666718,1.0023183734339078,False,down,
1964-08-01,17.9,1964,8,1960,7.013598152171571,1.1299435028248483,0.0,1.0548054103946218,False,up,
1964-09-01,17.9,1964,9,1960,7.013598152171571,0.0,0.0,1.0548054103946218,False,flat,
1964-10-01,17.9,1964,10,1960,7.013598152171571,0.0,0.561797752808979,1.0398844875355449,False,flat,
1964-11-01,17.9,1964,11,1960,7.013598152171571,0.0,0.561797752808979,1.0398844875355449,False,flat,
1964-12-01,17.9,1964,12,1960,7.013598152171571,0.0,0.561797752808979,1.0398844875355449,False,flat,
1965-01-01,17.9,1965,1,1960,7.013598152171571,0.0,0.561797752808979,1.0398844875355449,False,flat,
1965-02-01,17.8,1965,2,1960,6.974416039589608,-0.5586592178770777,0.0,1.0548054103946218,False,down,
1965-03-01,17.8,1965,3,1960,6.974416039589608,0.0,2.298850574712663,0.7830690266010358,False,flat,
1965-04-01,17.8,1965,4,1960,6.974416039589608,0.0,0.0,0.416094575878656,False,flat,
1965-05-01,17.8,1965,5,1960,6.974416039589608,0.0,0.0,0.416094575878656,False,flat,
1965-06-01,17.8,1965,6,1960,6.974416039589608,0.0,0.0,0.416094575878656,False,flat,
1965-07-01,17.8,1965,7,1960,6.974416039589608,0.0,0.5649717514124353,0.37678970464318595,False,flat,
1965-08-01,17.8,1965,8,1960,6.974416039589608,0.0,-0.5586592178770777,0.16127102491329834,False,flat,
1965-09-01,17.8,1965,9,1960,6.974416039589608,0.0,-0.5586592178770777,0.16127102491329834,False,flat,
1965-10-01,17.8,1965,10,1960,6.974416039589608,0.0,-0.5586592178770777,0.16127102491329834,False,flat,
1965-11-01,17.8,1965,11,1960,6.974416039589608,0.0,-0.5586592178770777,0.16127102491329834,False,flat,
1965-12-01,17.8,1965,12,1960,6.974416039589608,0.0,-0.5586592178770777,0.16127102491329834,False,flat,
1966-01-01,17.7,1966,1,1960,6.935233927007643,-0.5617977528090012,-1.1173184357541888,0.21806966877798756,False,down,
1966-02-01,17.7,1966,2,1960,6.935233927007643,0.0,-0.5617977528090012,0.1621770419072019,False,flat,
1966-03-01,17.8,1966,3,1960,6.974416039589608,0.5649717514124353,0.0,0.24022885971374294,False,up,
1966-04-01,17.7,1966,4,1960,6.935233927007643,-0.5617977528090012,-0.5617977528090012,0.28989362758416337,False,down,
1966-05-01,17.7,1966,5,1960,6.935233927007643,0.0,-0.5617977528090012,0.28989362758416337,False,flat,
1966-06-01,17.7,1966,6,1960,6.935233927007643,0.0,-0.5617977528090012,0.28989362758416337,False,flat,
1966-07-01,17.7,1966,7,1960,6.935233927007643,0.0,-0.5617977528090012,0.28989362758416337,False,flat,
1966-08-01,17.7,1966,8,1960,6.935233927007643,0.0,-0.5617977528090012,0.28989362758416337,False,flat,
1966-09-01,17.7,1966,9,1960,6.935233927007643,0.0,-0.5617977528090012,0.28989362758416337,False,flat,
1966-10-01,17.7,1966,10,1960,6.935233927007643,0.0,-0.5617977528090012,0.28989362758416337,False,flat,
1966-11-01,17.7,1966,11,1960,6.935233927007643,0.0,-0.5617977528090012,0.28989362758416337,False,flat,
1966-12-01,17.8,1966,12,1960,6.974416039589608,0.5649717514124353,0.0,0.3397346868341813,False,up,
1967-01-01,17.8,1967,1,1960,6.974416039589608,0.0,0.5649717514124353,0.2903138962755431,False,flat,
1967-02-01,17.8,1967,2,1960,6.974416039589608,0.0,0.5649717514124353,0.2903138962755431,False,flat,
1967-03-01,17.8,1967,3,1960,6.974416039589608,0.0,0.0,0.24022885971374294,False,flat,
1967-04-01,17.8,1967,4,1960,6.974416039589608,0.0,0.5649717514124353,0.16309329638125192,False,flat,
1967-05-01,17.8,1967,5,1960,6.974416039589608,0.0,0.5649717514124353,0.16309329638125192,False,flat,
1967-06-01,17.8,1967,6,1960,6.974416039589608,0.0,0.5649717514124353,0.16309329638125192,False,flat,
1967-07-01,17.8,1967,7,1960,6.974416039589608,0.0,0.5649717514124353,0.16309329638125192,False,flat,
1967-08-01,17.8,1967,8,1960,6.974416039589608,0.0,0.5649717514124353,0.16309329638125192,False,flat,
1967-09-01,17.8,1967,9,1960,6.974416039589608,0.0,0.5649717514124353,0.16309329638125192,False,flat,
1967-10-01,17.8,1967,10,1960,6.974416039589608,0.0,0.5649717514124353,0.16309329638125192,False,flat,
1967-11-01,17.8,1967,11,1960,6.974416039589608,0.0,0.5649717514124353,0.16309329638125192,False,flat,
1967-12-01,17.8,1967,12,1960,6.974416039589608,0.0,0.0,0.0,False,flat,
1968-01-01,17.9,1968,1,1960,7.013598152171571,0.561797752808979,0.561797752808979,0.16217704190719542,False,up,
1968-02-01,17.9,1968,2,1960,7.013598152171571,0.0,0.561797752808979,0.16217704190719542,False,flat,
1968-03-01,17.9,1968,3,1960,7.013598152171571,0.0,0.561797752808979,0.16217704190719542,False,flat,
1968-04-01,17.9,1968,4,1960,7.013598152171571,0.0,0.561797752808979,0.16217704190719542,False,flat,
1968-05-01,17.9,1968,5,1960,7.013598152171571,0.0,0.561797752808979,0.16217704190719542,False,flat,
1968-06-01,17.9,1968,6,1960,7.013598152171571,0.0,0.561797752808979,0.16217704190719542,False,flat,
1968-07-01,18.0,1968,7,1960,7.052780264753536,0.5586592178770999,1.1235955056179803,0.2180696687779875,False,up,
1968-08-01,18.0,1968,8,1960,7.052780264753536,0.0,1.1235955056179803,0.2180696687779875,False,flat,
1968-09-01,18.0,1968,9,1960,7.052780264753536,0.0,1.1235955056179803,0.2180696687779875,False,flat,
1968-10-01,18.0,1968,10,1960,7.052780264753536,0.0,1.1235955056179803,0.2180696687779875,False,flat,
1968-11-01,18.0,1968,11,1960,7.052780264753536,0.0,1.1235955056179803,0.2180696687779875,False,flat,
1968-12-01,18.0,1968,12,1960,7.052780264753536,0.0,1.1235955056179803,0.2180696687779875,False,flat,
1969-01-01,18.0,1969,1,1960,7.052780264753536,0.0,0.5586592178770999,0.16127102491330467,False,flat,
1969-02-01,18.0,1969,2,1960,7.052780264753536,0.0,0.5586592178770999,0.16127102491330467,False,flat,
1969-03-01,18.0,1969,3,1960,7.052780264753536,0.0,0.5586592178770999,0.16127102491330467,False,flat,
1969-04-01,18.0,1969,4,1960,7.052780264753536,0.0,0.5586592178770999,0.16127102491330467,False,flat,
1969-05-01,18.1,1969,5,1960,7.0919623773355,0.5555555555555536,1.1173184357541999,0.21685476572268803,False,up,
1969-06-01,18.0,1969,6,1960,7.052780264753536,-0.5524861878453136,0.5586592178770999,0.28598921909094127,False,down,
1969-07-01,18.0,1969,7,1960,7.052780264753536,0.0,0.0,0.23623604874317047,False,flat,
1969-08-01,18.2,1969,8,1960,7.131144489917464,1.1111111111111072,1.1111111111111072,0.39829192347438347,False,up,
1969-09-01,18.4,1969,9,1960,7.20950871508139,1.098901098901095,2.2222222222222143,0.49062949518476917,False,up,
1969-10-01,18.4,1969,10,1960,7.20950871508139,0.0,2.2222222222222143,0.49062949518476917,False,flat,
1969-11-01,18.4,1969,11,1960,7.20950871508139,0.0,2.2222222222222143,0.49062949518476917,False,flat,
1969-12-01,18.4,1969,12,1960,7.20950871508139,0.0,2.2222222222222143,0.49062949518476917,False,flat,
1970-01-01,18.4,1970,1,1970,7.20950871508139,0.0,2.2222222222222143,0.49062949518476917,False,flat,
1970-02-01,18.4,1970,2,1970,7.20950871508139,0.0,2.2222222222222143,0.49062949518476917,False,flat,
1970-03-01,18.4,1970,3,1970,7.20950871508139,0.0,2.2222222222222143,0.49062949518476917,False,flat,
1970-04-01,18.4,1970,4,1970,7.20950871508139,0.0,2.2222222222222143,0.49062949518476917,False,flat,
1970-05-01,18.6,1970,5,1970,7.28787294024532,1.0869565217391353,2.7624309392265234,0.5478208863024544,False,up,
1970-06-01,18.7,1970,6,1970,7.3270550528272835,0.5376344086021501,3.888888888888875,0.4942697392815606,False,up,
1970-07-01,19.0,1970,7,1970,7.444601390573176,1.6042780748663166,5.555555555555558,0.6046235367106183,False,up,
1970-08-01,19.0,1970,8,1970,7.444601390573176,0.0,4.395604395604402,0.579264227506753,False,flat,
1970-09-01,19.3,1970,9,1970,7.562147728319069,1.5789473684210575,4.891304347826098,0.6474460301125698,False,up,
1970-10-01,19.4,1970,10,1970,7.601329840901032,0.5181347150258864,5.434782608695654,0.6354639563169592,False,up,
1970-11-01,19.5,1970,11,1970,7.640511953482997,0.5154639175257714,5.978260869565233,0.6199680366776765,False,up,
1970-12-01,19.9,1970,12,1970,7.797240403810853,2.051282051282044,8.15217391304348,0.743945905998,False,up,
1971-01-01,20.0,1971,1,1970,7.836422516392817,0.5025125628140836,8.69565217391306,0.7172204145417658,False,up,
1971-02-01,20.2,1971,2,1970,7.914786741556745,1.0000000000000009,9.782608695652172,0.6859579510487734,False,up,
1971-03-01,20.5,1971,3,1970,8.032333079302639,1.4851485148514865,11.413043478260887,0.6655302112442605,False,up,
1971-04-01,20.5,1971,4,1970,8.032333079302639,0.0,11.413043478260887,0.6655302112442605,False,flat,
1971-05-01,20.6,1971,5,1970,8.071515191884602,0.4878048780487809,10.752688172043001,0.673207815241165,False,flat,
1971-06-01,20.7,1971,6,1970,8.110697304466566,0.4854368932038833,10.6951871657754,0.6756215857288559,False,flat,
1971-07-01,21.0,1971,7,1970,8.228243642212458,1.449275362318847,10.526315789473696,0.6612696191998018,False,up,
1971-08-01,21.2,1971,8,1970,8.306607867376385,0.952380952380949,11.578947368421044,0.6062138594571324,False,up,
1971-09-01,21.2,1971,9,1970,8.306607867376385,0.0,9.844559585492219,0.6210912316771467,False,flat,
1971-10-01,21.2,1971,10,1970,8.306607867376385,0.0,9.278350515463929,0.6583935713504305,False,flat,
1971-11-01,21.2,1971,11,1970,8.306607867376385,0.0,8.717948717948708,0.6906900703237167,False,flat,
1971-12-01,21.8,1971,12,1970,8.54170054286817,2.8301886792452935,9.547738693467345,0.8478296535497675,False,up,
1972-01-01,21.5,1972,1,1970,8.424154205122278,-1.3761467889908285,7.499999999999996,1.0502144506331204,False,down,
1972-02-01,21.8,1972,2,1970,8.54170054286817,1.3953488372093092,7.920792079207928,1.069600246950901,False,up,
1972-03-01,21.8,1972,3,1970,8.54170054286817,0.0,6.341463414634152,1.0489517068797451,False,flat,
1972-04-01,21.9,1972,4,1970,8.580882655450134,0.4587155963302614,6.829268292682911,1.0366168072740056,False,flat,
1972-05-01,22.0,1972,5,1970,8.620064768032098,0.4566210045662267,6.796116504854366,1.0368448741524248,False,flat,
1972-06-01,22.0,1972,6,1970,8.620064768032098,0.0,6.2801932367149815,1.0491731382425227,False,flat,
1972-07-01,22.1,1972,7,1970,8.659246880614063,0.454545454545463,5.238095238095242,1.006997182514083,False,flat,
1972-08-01,22.1,1972,8,1970,8.659246880614063,0.0,4.245283018867929,0.9996707972434198,False,flat,
1972-09-01,22.2,1972,9,1970,8.698428993196027,0.4524886877828038,4.716981132075482,0.9937187750234687,False,flat,
1972-10-01,22.3,1972,10,1970,8.737611105777992,0.45045045045044585,5.188679245283034,0.9861546534922778,False,flat,
1972-11-01,22.3,1972,11,1970,8.737611105777992,0.0,5.188679245283034,0.9861546534922777,False,flat,
1972-12-01,22.3,1972,12,1970,8.737611105777992,0.0,2.2935779816513735,0.6350507077220315,False,flat,
1973-01-01,22.6,1973,1,1970,8.855157443523884,1.3452914798206317,5.116279069767438,0.49501396807600856,False,up,
1973-02-01,22.9,1973,2,1970,8.972703781269775,1.327433628318575,5.045871559633008,0.4830652866263964,False,up,
1973-03-01,23.1,1973,3,1970,9.051068006433704,0.8733624454148492,5.9633027522935755,0.48111570254032954,False,up,
1973-04-01,23.3,1973,4,1970,9.129432231597633,0.8658008658008587,6.392694063926951,0.49329855535123257,False,up,
1973-05-01,23.4,1973,5,1970,9.168614344179597,0.42918454935620964,6.363636363636349,0.4936765489820167,False,flat,
1973-06-01,23.3,1973,6,1970,9.129432231597633,-0.42735042735041473,5.909090909090908,0.5468740875870678,False,flat,
1973-07-01,23.4,1973,7,1970,9.168614344179597,0.42918454935620964,5.88235294117645,0.5470343177790273,False,flat,
1973-08-01,23.5,1973,8,1970,9.20779645676156,0.42735042735042583,6.334841628959276,0.5265559662601607,False,flat,
1973-09-01,23.8,1973,9,1970,9.325342794507453,1.276595744680864,7.207207207207222,0.5697153887765153,False,up,
1973-10-01,24.1,1973,10,1970,9.442889132253345,1.2605042016806678,8.071748878923767,0.5997663300204108,False,up,oil_embargo_1973
1973-11-01,24.4,1973,11,1970,9.560435469999236,1.2448132780082943,9.417040358744377,0.5844626545024261,False,up,
1973-12-01,24.9,1973,12,1970,9.756346032909056,2.049180327868849,11.659192825112097,0.6406804516731461,False,up,
1974-01-01,25.3,1974,1,1970,9.913074483236914,1.6064257028112428,11.946902654867241,0.6603814683523535,False,up,
1974-02-01,26.1,1974,2,1970,10.226531383892628,3.1620553359683834,13.973799126637566,0.9184402622466747,True,up,
1974-03-01,27.4,1974,3,1970,10.73589884745816,4.980842911877392,18.614718614718594,1.4423612469892384,True,up,
1974-04-01,28.2,1974,4,1970,11.049355748113872,2.9197080291970767,21.03004291845494,1.488878026590597,False,up,
1974-05-01,29.7,1974,5,1970,11.637087436843332,5.319148936170204,26.923076923076938,1.7767124233958733,True,up,
1974-06-01,30.9,1974,6,1970,12.107272787826902,4.040404040404044,32.618025751072956,1.6827084353181256,True,up,
1974-07-01,31.7,1974,7,1970,12.420729688482615,2.5889967637540368,35.47008547008548,1.5649460873734022,False,up,
1974-08-01,32.4,1974,8,1970,12.695004476556363,2.208201892744488,37.87234042553192,1.4207741413373631,False,up,
1974-09-01,32.9,1974,9,1970,12.890915039466183,1.5432098765432167,38.23529411764706,1.398029014469428,False,up,
1974-10-01,33.9,1974,10,1970,13.282736165285824,3.039513677811545,40.66390041493775,1.3185219757639215,True,up,
1974-11-01,34.3,1974,11,1970,13.43946461561368,1.179941002949847,40.57377049180329,1.326000726993345,False,up,
1974-12-01,34.7,1974,12,1970,13.59619306594154,1.1661807580175099,39.35742971887552,1.3991693177204583,False,up,
1975-01-01,35.2,1975,1,1970,13.79210362885136,1.4409221902017322,39.13043478260872,1.412891236900172,False,up,
1975-02-01,36.0,1975,2,1970,14.105560529507072,2.2727272727272707,37.931034482758605,1.4154437157551343,False,up,
1975-03-01,37.0,1975,3,1970,14.497381655326711,2.777777777777768,35.03649635036496,1.2265144953943121,False,up,
1975-04-01,37.8,1975,4,1970,14.810838555982423,2.1621621621621623,34.04255319148935,1.2247667205666155,False,up,
1975-05-01,37.1,1975,5,1970,14.536563767908675,-1.8518518518518379,24.915824915824913,1.4426810803454055,False,down,
1975-06-01,36.6,1975,6,1970,14.340653204998855,-1.3477088948787075,18.446601941747588,1.5442977857164175,False,down,
1975-07-01,36.9,1975,7,1970,14.458199542744746,0.8196721311475308,16.403785488959,1.5077883300619115,False,up,
1975-08-01,37.4,1975,8,1970,14.654110105654567,1.3550135501354976,15.432098765432102,1.4801199525714077,False,up,
1975-09-01,38.0,1975,9,1970,14.889202781146352,1.6042780748663166,15.50151975683891,1.4814623958052866,False,up,
1975-10-01,38.4,1975,10,1970,15.045931231474208,1.0526315789473717,13.27433628318584,1.3659285530942051,False,up,
1975-11-01,38.6,1975,11,1970,15.124295456638137,0.5208333333333481,12.53644314868807,1.3735748658170828,False,up,
1975-12-01,38.2,1975,12,1970,14.967567006310281,-1.036269430051806,10.086455331412104,1.49113404271788,False,down,
1976-01-01,38.5,1976,1,1970,15.085113344056172,0.785340314136107,9.375,1.478036210536052,False,up,
1976-02-01,38.7,1976,2,1970,15.163477569220102,0.5194805194805197,7.500000000000018,1.3994243917394777,False,up,
1976-03-01,39.2,1976,3,1970,15.359388132129922,1.2919896640826822,5.945945945945952,1.2480676813345615,False,up,
1976-04-01,39.9,1976,4,1970,15.633662920203669,1.7857142857142794,5.555555555555558,1.2062362287110486,False,up,
1976-05-01,39.8,1976,5,1970,15.594480807621705,-0.25062656641604564,7.277628032344996,0.9980575022029415,False,flat,
1976-06-01,40.0,1976,6,1970,15.672845032785634,0.5025125628140836,9.289617486338786,0.7930776262796824,False,up,
1976-07-01,40.7,1976,7,1970,15.947119820859385,1.750000000000007,10.298102981029821,0.8447365188002878,False,up,
1976-08-01,41.2,1976,8,1970,16.143030383769204,1.228501228501222,10.160427807486649,0.8382633546992316,False,up,
1976-09-01,41.6,1976,9,1970,16.299758834097062,0.9708737864077666,9.473684210526322,0.8031041630127679,False,up,
1976-10-01,41.2,1976,10,1970,16.143030383769204,-0.9615384615384581,7.291666666666674,0.935902903559304,False,down,
1976-11-01,41.5,1976,11,1970,16.260576721515097,0.7281553398058138,7.512953367875652,0.9363784816329048,False,up,
1976-12-01,41.3,1976,12,1970,16.182212496351166,-0.48192771084337727,8.115183246073276,0.8582163583497087,False,flat,
1977-01-01,41.7,1977,1,1970,16.338940946679024,0.9685230024213176,8.311688311688314,0.862350988525615,False,up,
1977-02-01,43.0,1977,2,1970,16.848308410244556,3.1175059952038398,11.111111111111093,1.1111110385919138,True,up,
1977-03-01,44.1,1977,3,1970,17.27931164864616,2.55813953488373,12.5,1.2088364785927432,False,up,
1977-04-01,45.6,1977,4,1970,17.867043337375623,3.401360544217691,14.285714285714302,1.3826346859978111,True,up,
1977-05-01,45.7,1977,5,1970,17.90622544995759,0.21929824561404132,14.8241206030151,1.3462251843655633,False,flat,
1977-06-01,45.5,1977,6,1970,17.827861224793658,-0.4376367614879695,13.749999999999996,1.414046315601567,False,flat,
1977-07-01,46.7,1977,7,1970,18.29804657577723,2.63736263736265,14.742014742014732,1.4737300401426614,False,up,
1977-08-01,47.8,1977,8,1970,18.72904981417883,2.3554603854389677,16.019417475728147,1.5136921790862479,False,up,
1977-09-01,47.3,1977,9,1970,18.533139251269013,-1.0460251046025104,13.701923076923062,1.653759873894526,False,down,
1977-10-01,47.5,1977,10,1970,18.61150347643294,0.42283298097252064,15.291262135922313,1.5423020972095718,False,flat,
1977-11-01,46.6,1977,11,1970,18.258864463195266,-1.8947368421052602,12.289156626506026,1.7828968764214443,False,down,
1977-12-01,46.6,1977,12,1970,18.258864463195266,0.0,12.832929782082324,1.7520096241207415,False,flat,
1978-01-01,47.2,1978,1,1970,18.49395713868705,1.2875536480686733,13.18944844124701,1.7534917674694743,False,up,
1978-02-01,47.8,1978,2,1970,18.72904981417883,1.2711864406779627,11.162790697674406,1.6325894795182285,False,up,
1978-03-01,49.6,1978,3,1970,19.434327840654188,3.765690376569042,12.471655328798192,1.7752117612403842,True,up,
1978-04-01,49.9,1978,4,1970,19.551874178400077,0.6048387096774244,9.42982456140351,1.6066573292918256,False,up,
1978-05-01,50.6,1978,5,1970,19.826148966473827,1.4028056112224574,10.722100656455137,1.6064064365028798,False,up,
1978-06-01,51.0,1978,6,1970,19.982877416801685,0.7905138339920903,12.08791208791209,1.5542063501139982,False,up,
1978-07-01,50.2,1978,7,1970,19.669420516145973,-1.5686274509803866,7.494646680942174,1.6161587937156392,False,down,
1978-08-01,50.0,1978,8,1970,19.591056290982042,-0.3984063745020028,4.602510460251041,1.5404469492196682,False,flat,
1978-09-01,49.7,1978,9,1970,19.47350995323615,-0.5999999999999894,5.073995771670203,1.5077752583644222,False,down,
1978-10-01,50.1,1978,10,1970,19.630238403564007,0.8048289738430636,5.4736842105263195,1.5117838554599385,False,up,
1978-11-01,50.0,1978,11,1970,19.591056290982042,-0.1996007984031989,7.296137339055786,1.3418637341532818,False,flat,natgas_policy_act_1978
1978-12-01,50.2,1978,12,1970,19.669420516145973,0.40000000000000036,7.725321888412018,1.330613741737795,False,flat,
1979-01-01,50.4,1979,1,1970,19.7477847413099,0.3984063745019917,6.7796610169491345,1.3153414750938452,False,flat,iran_crisis_1979
1979-02-01,50.4,1979,2,1970,19.7477847413099,0.0,5.439330543933063,1.3036404533838941,False,flat,
1979-03-01,51.9,1979,3,1970,20.33551643003936,2.9761904761904656,4.63709677419355,1.1293688907072568,False,up,
1979-04-01,52.7,1979,4,1970,20.648973330695075,1.5414258188824803,5.611222444889785,1.1773436892571603,False,up,
1979-05-01,53.7,1979,5,1970,21.040794456514714,1.8975332068311257,6.126482213438744,1.2211199143771312,False,up,
1979-06-01,53.7,1979,6,1970,21.040794456514714,0.0,5.294117647058827,1.2255450137382655,False,flat,
1979-07-01,54.7,1979,7,1970,21.432615582334353,1.862197392923659,8.964143426294813,1.1096641992895815,False,up,
1979-08-01,55.6,1979,8,1970,21.78525459557203,1.645338208409508,11.20000000000001,1.0782031579057783,False,up,
1979-09-01,55.8,1979,9,1970,21.863618820735958,0.3597122302158251,12.273641851106621,0.9892460296519027,False,flat,
1979-10-01,56.8,1979,10,1970,22.2554399465556,1.7921146953405076,13.37325349301397,1.0146416155720848,False,up,
1979-11-01,57.2,1979,11,1970,22.41216839688346,0.7042253521126751,14.400000000000013,0.94404411024708,False,up,
1979-12-01,58.5,1979,12,1970,22.92153586044899,2.2727272727272707,16.533864541832656,0.9666590938034768,False,up,
1980-01-01,59.4,1980,1,1980,23.274174873686665,1.538461538461533,17.85714285714286,0.9265250859225882,False,up,
1980-02-01,60.4,1980,2,1980,23.665995999506308,1.683501683501687,19.84126984126984,0.8194272424768817,False,up,
1980-03-01,61.9,1980,3,1980,24.253727688235767,2.4834437086092676,19.267822736030826,0.7493218815834864,False,up,
1980-04-01,63.1,1980,4,1980,24.72391303921934,1.938610662358653,19.734345351043636,0.7608817468184248,False,up,
1980-05-01,64.5,1980,5,1980,25.272462615366837,2.2187004754358197,20.11173184357542,0.7809512028605432,False,up,
1980-06-01,65.8,1980,6,1980,25.781830078932366,2.0155038759689825,22.532588454376157,0.6192606749416383,False,up,
1980-07-01,66.7,1980,7,1980,26.134469092170047,1.367781155015213,21.937842778793424,0.6246053688076447,False,up,
1980-08-01,67.6,1980,8,1980,26.48710810540772,1.3493253373313197,21.582733812949616,0.6314047725072537,False,up,
1980-09-01,68.9,1980,9,1980,26.996475568973256,1.9230769230769384,23.47670250896059,0.4872202274059289,False,up,
1980-10-01,69.2,1980,10,1980,27.11402190671915,0.4354136429608024,21.830985915492974,0.621522955639229,False,flat,
1980-11-01,68.6,1980,11,1980,26.87892923122736,-0.8670520231213952,19.930069930069916,0.9302376788930666,False,down,
1980-12-01,69.0,1980,12,1980,27.035657681555218,0.5830903790087438,17.948717948717952,0.9354488018247767,False,up,
1981-01-01,69.9,1981,1,1980,27.388296694792896,1.3043478260869712,17.67676767676769,0.934492635536172,False,up,
1981-02-01,70.8,1981,2,1980,27.740935708030573,1.2875536480686511,17.218543046357617,0.9293795577952275,False,up,
1981-03-01,71.7,1981,3,1980,28.09357472126825,1.271186440677985,15.831987075928922,0.8564140244474575,False,up,
1981-04-01,72.0,1981,4,1980,28.211121059014143,0.4184100418409997,14.104595879556259,0.8554090884476435,False,flat,
1981-05-01,73.6,1981,5,1980,28.83803486032556,2.2222222222222143,14.108527131782944,0.8558249460249479,False,up,
1981-06-01,74.9,1981,6,1980,29.347402323891103,1.7663043478260976,13.829787234042556,0.8345953389884317,False,up,
1981-07-01,76.3,1981,7,1980,29.895951900038597,1.869158878504651,14.3928035982009,0.861950937965145,False,up,
1981-08-01,78.9,1981,8,1980,30.914686827169664,3.407601572739205,16.71597633136097,1.0853501789629525,True,up,
1981-09-01,78.2,1981,9,1980,30.640412039095917,-0.8871989860583018,13.497822931785187,1.2323405338860691,False,down,
1981-10-01,77.7,1981,10,1980,30.444501476186097,-0.6393861892583175,12.28323699421965,1.318509562202279,False,down,
1981-11-01,77.7,1981,11,1980,30.444501476186097,0.0,13.265306122448983,1.2289214217886997,False,flat,
1981-12-01,78.8,1981,12,1980,30.8755047145877,1.415701415701398,14.20289855072463,1.223639605775713,False,up,
1982-01-01,80.8,1982,1,1980,31.65914696622698,2.538071065989844,15.593705293276106,1.2905663849845532,False,up,
1982-02-01,80.9,1982,2,1980,31.698329078808946,0.12376237623763497,14.265536723163862,1.3284040175036045,False,flat,
1982-03-01,83.9,1982,3,1980,32.87379245626787,3.7082818294190245,17.015341701534183,1.5245232321568114,True,up,
1982-04-01,84.1,1982,4,1980,32.952156681431795,0.23837902264598476,16.80555555555554,1.535143134693703,False,flat,
1982-05-01,83.8,1982,5,1980,32.8346103436859,-0.3567181926278251,13.858695652173925,1.5763393421125151,False,flat,
1982-06-01,83.8,1982,6,1980,32.8346103436859,0.0,11.882510013351123,1.5907297573416863,False,flat,
1982-07-01,85.9,1982,7,1980,33.65743470790715,2.505966587112174,12.581913499344699,1.634156565942372,False,up,
1982-08-01,85.8,1982,8,1980,33.61825259532518,-0.11641443538999985,8.745247148288971,1.471612481061775,False,flat,
1982-09-01,85.6,1982,9,1980,33.53988837016125,-0.2331002331002363,9.462915601023013,1.4181831302628167,False,flat,
1982-10-01,84.7,1982,10,1980,33.18724935692358,-1.0514018691588634,9.009009009009006,1.459665529986179,False,down,
1982-11-01,84.3,1982,11,1980,33.030520906595726,-0.47225501770956635,8.494208494208477,1.4872725438188847,False,flat,
1982-12-01,85.5,1982,12,1980,33.500706257579296,1.4234875444839812,8.502538071066002,1.4876187772075324,False,up,
1983-01-01,85.6,1983,1,1980,33.53988837016125,0.11695906432747094,5.940594059405946,1.3744074886986268,False,flat,deregulation_1983
1983-02-01,85.6,1983,2,1980,33.53988837016125,0.0,5.809641532756471,1.3778703019917484,False,flat,
1983-03-01,85.6,1983,3,1980,33.53988837016125,0.0,2.026221692491048,0.9316852062909275,False,flat,
1983-04-01,85.3,1983,4,1980,33.422342032415365,-0.3504672897196248,1.4268727705113005,0.9432626460905678,False,flat,
1983-05-01,85.8,1983,5,1980,33.61825259532518,0.5861664712778492,2.3866348448687402,0.9390061933309439,False,up,
1983-06-01,87.2,1983,6,1980,34.16680217147268,1.631701631701632,4.057279236276856,1.0217865901636278,False,up,
1983-07-01,88.0,1983,7,1980,34.48025907212839,0.917431192660545,2.4447031431897415,0.7923402918617327,False,up,
1983-08-01,87.8,1983,8,1980,34.40189484696447,-0.2272727272727315,2.331002331002341,0.7970523552776644,False,flat,
1983-09-01,88.0,1983,9,1980,34.48025907212839,0.2277904328018332,2.8037383177570208,0.7855643496848488,False,flat,
1983-10-01,88.1,1983,10,1980,34.51944118471036,0.1136363636363491,4.014167650531286,0.676789393803424,False,flat,
1983-11-01,86.7,1983,11,1980,33.970891608562866,-1.5891032917139558,2.8469750889679846,0.8514809169800651,False,down,
1983-12-01,86.7,1983,12,1980,33.970891608562866,0.0,1.403508771929829,0.7661162670658563,False,flat,
1984-01-01,87.3,1984,1,1980,34.205984284054644,0.6920415224913379,1.985981308411211,0.7837670642912092,False,up,
1984-02-01,87.9,1984,2,1980,34.441076959546436,0.6872852233677174,2.686915887850483,0.7954918996328052,False,up,
1984-03-01,88.5,1984,3,1980,34.67616963503822,0.682593856655278,3.3878504672897325,0.802385525353131,False,up,
1984-04-01,89.8,1984,4,1980,35.185537098603746,1.4689265536723228,5.275498241500576,0.8430828993260401,False,up,
1984-05-01,90.4,1984,5,1980,35.42062977409554,0.6681514476614803,5.3613053613053685,0.8447709888549634,False,up,
1984-06-01,92.2,1984,6,1980,36.125907800570886,1.9911504424778625,5.733944954128445,0.8957259454715699,False,up,
1984-07-01,93.3,1984,7,1980,36.55691103897249,1.193058568329719,6.02272727272728,0.9116519136918565,False,up,
1984-08-01,93.8,1984,8,1980,36.75282160188231,0.5359056806002238,6.833712984054663,0.8830575681860456,False,up,
1984-09-01,93.7,1984,9,1980,36.71363948930035,-0.10660980810234255,6.47727272727272,0.8994785144754917,False,flat,
1984-10-01,92.6,1984,10,1980,36.28263625089874,-1.1739594450373647,5.107832009080582,1.0218837405744874,False,down,
1984-11-01,92.1,1984,11,1980,36.08672568798892,-0.5399568034557212,6.22837370242213,0.8675123638088506,False,down,
1984-12-01,92.1,1984,12,1980,36.08672568798892,0.0,6.22837370242213,0.8675123638088506,False,flat,
1985-01-01,93.1,1985,1,1980,36.47854681380856,1.0857763300760048,6.643757159221075,0.8824150855202378,False,up,
1985-02-01,93.2,1985,2,1980,36.51772892639053,0.10741138560688146,6.029579067121715,0.8895264276331079,False,flat,
1985-03-01,93.7,1985,3,1980,36.71363948930035,0.5364806866952732,5.875706214689269,0.8876889851307174,False,up,
1985-04-01,94.3,1985,4,1980,36.94873216479213,0.6403415154749181,5.011135857461024,0.8344461875891227,False,up,
1985-05-01,94.1,1985,5,1980,36.8703679396282,-0.21208907741251393,4.092920353982299,0.8484045411497072,False,flat,
1985-06-01,95.8,1985,6,1980,37.53646385352159,1.8065887353878818,3.90455531453362,0.8167979195225061,False,up,
1985-07-01,95.9,1985,7,1980,37.57564596610356,0.10438413361169019,2.786709539121124,0.7704907973148909,False,flat,
1985-08-01,96.3,1985,8,1980,37.73237441643141,0.4171011470281538,2.6652452025586415,0.7669864127390009,False,flat,
1985-09-01,96.0,1985,9,1980,37.61482807868552,-0.31152647975077885,2.45464247598719,0.7771841220913409,False,flat,
1985-10-01,95.5,1985,10,1980,37.4189175157757,-0.520833333333337,3.1317494600431983,0.6897867734626362,False,down,
1985-11-01,95.1,1985,11,1980,37.26218906544784,-0.41884816753927634,3.2573289902280145,0.6778088357889275,False,flat,
1985-12-01,95.0,1985,12,1980,37.22300695286588,-0.1051524710830698,3.148751357220414,0.682275576877556,False,flat,
1986-01-01,96.0,1986,1,1980,37.61482807868552,1.0526315789473717,3.1149301825993625,0.678689883475453,False,up,
1986-02-01,96.7,1986,2,1980,37.88910286675927,0.7291666666666696,3.7553648068669565,0.6897875117038342,False,up,
1986-03-01,96.2,1986,3,1980,37.69319230384945,-0.5170630816959676,2.6680896478121774,0.7244942050696251,False,down,
1986-04-01,95.6,1986,4,1980,37.45809962835766,-0.6237006237006293,1.3785790031813239,0.7496064308460301,False,down,
1986-05-01,95.9,1986,5,1980,37.57564596610356,0.313807531380772,1.9128586609989506,0.7439872286587939,False,flat,
1986-06-01,96.9,1986,6,1980,37.967467091923204,1.0427528675703845,1.1482254697286143,0.6111761580413736,False,up,
1986-07-01,97.7,1986,7,1980,38.28092399257891,0.8255933952528327,1.8769551616266922,0.6464238491684365,False,up,
1986-08-01,97.8,1986,8,1980,38.320106105160875,0.10235414534287557,1.5576323987538832,0.641275439856069,False,flat,
1986-09-01,97.8,1986,9,1980,38.320106105160875,0.0,1.8750000000000044,0.6279089626126544,False,flat,
1986-10-01,95.1,1986,10,1980,37.26218906544784,-2.7607361963190247,-0.41884816753927634,1.0432190984925895,False,down,
1986-11-01,94.8,1986,11,1980,37.14464272770196,-0.3154574132492094,-0.3154574132492094,1.0401374608774512,False,flat,
1986-12-01,94.5,1986,12,1980,37.02709638995606,-0.31645569620253333,-0.5263157894736858,1.0434689974988758,False,flat,
1987-01-01,92.7,1987,1,1980,36.32181836348071,-1.904761904761898,-3.4374999999999933,1.109385712235197,False,down,
1987-02-01,92.3,1987,2,1980,36.16508991315285,-0.4314994606256839,-4.550155118924515,1.0624969986432404,False,flat,
1987-03-01,92.7,1987,3,1980,36.32181836348071,0.43336944745395733,-3.6382536382536412,1.0866709726344543,False,flat,
1987-04-01,92.4,1987,4,1980,36.20427202573482,-0.3236245954692518,-3.34728033472802,1.0820603743776895,False,flat,
1987-05-01,94.0,1987,5,1980,36.83118582704624,1.7316017316017174,-1.9812304483837417,1.2210217523182636,False,up,
1987-06-01,95.8,1987,6,1980,37.53646385352159,1.9148936170212627,-1.1351909184726616,1.3209694340079048,False,up,
1987-07-01,97.7,1987,7,1980,38.28092399257891,1.9832985386221358,0.0,1.431347789050455,False,up,
1987-08-01,97.3,1987,8,1980,38.12419554225105,-0.4094165813715467,-0.5112474437627856,1.4359437204078558,False,flat,
1987-09-01,97.1,1987,9,1980,38.04583131708713,-0.20554984583761593,-0.7157464212678932,1.436737025174861,False,flat,
1987-10-01,93.3,1987,10,1980,36.55691103897249,-3.913491246138001,-1.8927444794952675,1.6562073165564968,True,down,
1987-11-01,91.8,1987,11,1980,35.96917935024303,-1.6077170418006381,-3.164556962025311,1.7093563934521607,False,down,
1987-12-01,92.2,1987,12,1980,36.125907800570886,0.43572984749455923,-2.4338624338624326,1.7206166880262945,False,flat,
1988-01-01,91.5,1988,1,1980,35.85163301249714,-0.7592190889370909,-1.2944983818770295,1.6471259715419337,False,down,
1988-02-01,91.7,1988,2,1980,35.92999723766106,0.21857923497268228,-0.6500541711809249,1.6457771391818625,False,flat,
1988-03-01,91.6,1988,3,1980,35.8908151250791,-0.10905125408943173,-1.1866235167206085,1.6389750003555763,False,flat,
1988-04-01,91.7,1988,4,1980,35.92999723766106,0.10917030567687558,-0.7575757575757569,1.6380562059020272,False,flat,
1988-05-01,91.6,1988,5,1980,35.8908151250791,-0.10905125408943173,-2.553191489361706,1.5391594797209815,False,flat,
1988-06-01,98.5,1988,6,1980,38.59438089323463,7.5327510917030605,2.8183716075156573,2.6765020001083166,True,up,
1988-07-01,99.4,1988,7,1980,38.9470199064723,0.9137055837563413,1.7400204708290623,2.6314658193944784,False,up,
1988-08-01,99.5,1988,8,1980,38.98620201905427,0.1006036217303663,2.261048304213764,2.625285334126907,False,flat,
1988-09-01,99.7,1988,9,1980,39.0645662442182,0.20100502512563345,2.6776519052523318,2.621954871304565,False,flat,
1988-10-01,96.0,1988,10,1980,37.61482807868552,-3.711133400200606,2.893890675241151,2.5932287341312237,True,down,
1988-11-01,91.8,1988,11,1980,35.96917935024303,-4.375000000000007,0.0,2.8821374424408637,True,down,
1988-12-01,92.9,1988,12,1980,36.40018258864464,1.1982570806100323,0.759219088937102,2.900069550726917,False,up,
1989-01-01,94.2,1989,1,1980,36.90955005221017,1.3993541442411273,2.9508196721311553,2.908801612494641,False,up,
1989-02-01,94.2,1989,2,1980,36.90955005221017,0.0,2.72628135223556,2.90991058764892,False,flat,
1989-03-01,94.4,1989,3,1980,36.9879142773741,0.2123142250530785,3.0567685589519833,2.9076576819558717,False,flat,
1989-04-01,94.5,1989,4,1980,37.02709638995606,0.10593220338981357,3.053435114503822,2.907676071761493,False,flat,
1989-05-01,95.5,1989,5,1980,37.4189175157757,1.0582010582010692,4.257641921397393,2.912667061516942,False,up,
1989-06-01,100.7,1989,6,1980,39.45638737003784,5.445026178010481,2.233502538071064,2.4767242021377442,True,up,
1989-07-01,102.8,1989,7,1980,40.27921173425908,2.0854021847070525,3.420523138832987,2.5294231543027044,False,up,
1989-08-01,102.9,1989,8,1980,40.31839384684105,0.09727626459143934,3.41708542713568,2.529448377334809,False,flat,
1989-09-01,103.0,1989,9,1980,40.35757595942301,0.09718172983479434,3.3099297893681046,2.530031534836541,False,flat,
1989-10-01,98.5,1989,10,1980,38.59438089323463,-4.3689320388349495,2.604166666666674,2.630014462420009,True,down,
1989-11-01,95.4,1989,11,1980,37.379735403193735,-3.147208121827405,3.9215686274509887,2.451728849243882,True,down,
1989-12-01,96.0,1989,12,1980,37.61482807868552,0.6289308176100628,3.336921420882666,2.439268473479924,False,up,
1990-01-01,96.6,1990,1,1990,37.849920754177305,0.6249999999999867,2.547770700636942,2.417721576836174,False,up,
1990-02-01,96.7,1990,2,1990,37.88910286675927,0.10351966873707319,2.6539278131634925,2.416985217249939,False,flat,
1990-03-01,97.0,1990,3,1990,38.00664920450516,0.31023784901758056,2.754237288135597,2.417029324693765,False,flat,
1990-04-01,96.8,1990,4,1990,37.92828497934123,-0.20618556701030855,2.4338624338624326,2.4204372305728894,False,flat,
1990-05-01,98.3,1990,5,1990,38.5160166680707,1.5495867768595017,2.9319371727748678,2.4398497482627564,False,up,
1990-06-01,104.2,1990,6,1990,40.82776131040658,6.00203458799593,3.47567030784508,2.5500958340186854,True,up,
1990-07-01,104.6,1990,7,1990,40.984489760734434,0.38387715930900956,1.7509727626459082,2.489270356406272,False,flat,
1990-08-01,104.8,1990,8,1990,41.062853985898364,0.19120458891013214,1.8464528668610258,2.489158469536381,False,flat,
1990-09-01,105.1,1990,9,1990,41.18040032364425,0.2862595419847347,2.038834951456314,2.4891796815835603,False,flat,
1990-10-01,101.9,1990,10,1990,39.9265727210214,-3.044719314938138,3.4517766497462077,2.2897459811723397,True,down,
1990-11-01,101.0,1990,11,1990,39.57393370778372,-0.8832188420019649,5.870020964360578,2.0611290983275365,False,down,
1990-12-01,100.0,1990,12,1990,39.182112581964084,-0.990099009900991,4.166666666666674,2.1041450334486997,False,down,
1991-01-01,104.4,1991,1,1990,40.90612553557051,4.400000000000004,8.074534161490687,2.407578853945886,True,up,
1991-02-01,104.5,1991,2,1990,40.945307648152465,0.09578544061301653,8.066184074457073,2.407746839774093,False,flat,
1991-03-01,104.5,1991,3,1990,40.945307648152465,0.0,7.731958762886593,2.413672709983807,False,flat,
1991-04-01,104.8,1991,4,1990,41.062853985898364,0.2870813397129135,8.264462809917351,2.4019618469581054,False,flat,
1991-05-01,107.8,1991,5,1990,42.23831736335728,2.8625954198473247,9.66429298067142,2.47352759585019,False,up,
1991-06-01,111.5,1991,6,1990,43.688055528889954,3.432282003710574,7.005758157389641,2.0585791409517573,True,up,
1991-07-01,113.1,1991,7,1990,44.31496933020138,1.4349775784753271,8.126195028680684,2.0715604359613153,False,up,
1991-08-01,112.5,1991,8,1990,44.079876654709594,-0.5305039787798393,7.34732824427482,2.097128242676076,False,down,
1991-09-01,112.5,1991,9,1990,44.079876654709594,0.0,7.040913415794492,2.10279751397395,False,flat,
1991-10-01,107.9,1991,10,1990,42.27749947593925,-4.088888888888887,5.888125613346418,2.28087976336376,True,down,
1991-11-01,103.5,1991,11,1990,40.553486522332825,-4.077849860982397,2.4752475247524774,2.618641820249182,True,down,
1991-12-01,105.2,1991,12,1990,41.21958243622622,1.6425120772946888,5.200000000000005,2.6169107993993546,False,up,
1992-01-01,105.9,1992,1,1990,41.493857224299965,0.665399239543718,1.4367816091954033,2.309036904075252,False,up,
1992-02-01,105.4,1992,2,1990,41.29794666139015,-0.47214353163361755,0.8612440191387627,2.3159164481426293,False,flat,
1992-03-01,105.7,1992,3,1990,41.41549299913604,0.2846299810246755,1.1483253588516762,2.3162981599532535,False,flat,
1992-04-01,105.0,1992,4,1990,41.141218211062295,-0.6622516556291425,0.1908396946564972,2.326263527621903,False,down,
1992-05-01,108.0,1992,5,1990,42.31668158852121,2.857142857142847,0.18552875695732052,2.3256627261150156,False,up,
1992-06-01,113.3,1992,6,1990,44.3933335553653,4.907407407407405,1.6143497757847403,2.549460167054184,True,up,
1992-07-01,114.0,1992,7,1990,44.667608343439056,0.6178287731685828,0.7957559681697646,2.523185576312839,False,up,
1992-08-01,113.6,1992,8,1990,44.5108798931112,-0.35087719298245723,0.9777777777777663,2.5196659976671527,False,flat,
1992-09-01,114.3,1992,9,1990,44.78515468118495,0.616197183098599,1.6000000000000014,2.5234910769739156,False,up,
1992-10-01,110.3,1992,10,1990,43.217870177906384,-3.4995625546806686,2.2242817423540284,2.4375211308311022,True,down,
1992-11-01,105.5,1992,11,1990,41.33712877397211,-4.351767905711689,1.9323671497584627,2.482205842297065,True,down,
1992-12-01,106.6,1992,12,1990,41.76813201237371,1.0426540284360186,1.330798479087436,2.4561517961044093,False,up,
1993-01-01,106.9,1993,1,1990,41.88567835011961,0.2814258911820078,0.9442870632672351,2.451150877460826,False,flat,
1993-02-01,106.3,1993,2,1990,41.65058567462782,-0.561272217025266,0.8538899430740043,2.4531958299360013,False,down,
1993-03-01,106.5,1993,3,1990,41.72894989979175,0.18814675446849893,0.7568590350047311,2.4526882623968276,False,flat,
1993-04-01,106.7,1993,4,1990,41.80731412495568,0.1877934272300541,1.619047619047631,2.4412222094723774,False,flat,
1993-05-01,107.2,1993,5,1990,42.0032246878655,0.46860356138707093,-0.7407407407407418,2.294389842539768,False,flat,
1993-06-01,115.1,1993,6,1990,45.09861158184066,7.3694029850746245,1.5887025595763493,2.8254180831948776,True,up,
1993-07-01,115.3,1993,7,1990,45.17697580700459,0.17376194613381024,1.140350877192975,2.8218879145020015,False,flat,
1993-08-01,115.4,1993,8,1990,45.21615791958656,0.08673026886383273,1.5845070422535246,2.8179281206248468,False,flat,
1993-09-01,115.7,1993,9,1990,45.33370425733245,0.25996533795493715,1.2248468941382429,2.814638442158671,False,flat,
1993-10-01,110.9,1993,10,1990,43.452962853398176,-4.148660328435605,0.5439709882139709,2.8959450535697635,True,down,
1993-11-01,106.2,1993,11,1990,41.611403562045865,-4.2380522993688,0.6635071090047351,2.8802573973556878,True,down,
1993-12-01,106.0,1993,12,1990,41.533039336881934,-0.18832391713747842,-0.5628517823639712,2.865224181467649,False,flat,
1994-01-01,106.1,1994,1,1990,41.57222144946389,0.09433962264151496,-0.748362956033688,2.8640027888818937,False,flat,
1994-02-01,105.9,1994,2,1990,41.493857224299965,-0.18850141376058893,-0.37629350893696456,2.859683178529906,False,flat,
1994-03-01,105.8,1994,3,1990,41.454675111718004,-0.09442870632673239,-0.6572769953051671,2.859205247738865,False,flat,
1994-04-01,105.4,1994,4,1990,41.29794666139015,-0.3780718336483857,-1.2183692596063667,2.8601667011443044,False,flat,
1994-05-01,105.9,1994,5,1990,41.493857224299965,0.4743833017077703,-1.2126865671641784,2.8602652620050786,False,flat,
1994-06-01,112.2,1994,6,1990,43.9623303169637,5.9490084985835745,-2.5195482189400487,2.5356139171126384,True,up,
1994-07-01,113.1,1994,7,1990,44.31496933020138,0.8021390374331583,-1.9080659150043422,2.550102066150343,False,up,
1994-08-01,113.1,1994,8,1990,44.31496933020138,0.0,-1.9930675909878737,2.5495523715279513,False,flat,
1994-09-01,113.4,1994,9,1990,44.43251566794728,0.2652519893899363,-1.9878997407087318,2.549627849012822,False,flat,
1994-10-01,108.5,1994,10,1990,42.512592151431036,-4.320987654320996,-2.1641118124436476,2.5746365072811273,True,down,
1994-11-01,106.8,1994,11,1990,41.846496237537636,-1.5668202764976935,0.5649717514124131,2.288850791082772,False,down,
1994-12-01,107.2,1994,12,1990,42.0032246878655,0.3745318352059934,1.132075471698113,2.2888281204677448,False,flat,
1995-01-01,107.3,1995,1,1990,42.042406800447466,0.0932835820895539,1.1310084825636224,2.288829115170721,False,flat,
1995-02-01,107.6,1995,2,1990,42.15995313819335,0.2795899347623365,1.6052880075542841,2.2871284014117332,False,flat,
1995-03-01,107.9,1995,3,1990,42.27749947593925,0.27881040892194786,1.9848771266540721,2.2859434638734863,False,flat,
1995-04-01,106.3,1995,4,1990,41.65058567462782,-1.4828544949026967,0.8538899430740043,2.332568216067347,False,down,
1995-05-01,109.5,1995,5,1990,42.904413277250676,3.010348071495761,3.399433427762033,2.480218786295365,True,up,
1995-06-01,113.8,1995,6,1990,44.589244118275126,3.926940639269394,1.426024955436711,2.10187676670401,True,up,
1995-07-01,114.9,1995,7,1990,45.020247356676734,0.9666080843585334,1.5915119363395291,2.1071282882750926,False,up,
1995-08-01,114.8,1995,8,1990,44.98106524409477,-0.08703220191471628,1.5030946065428763,2.107848908178092,False,flat,
1995-09-01,112.4,1995,9,1990,44.04069454212763,-2.0905923344947674,-0.881834215167554,2.2031649686555173,False,down,
1995-10-01,110.5,1995,10,1990,43.296234403070315,-1.690391459074736,1.8433179723502224,1.8408037232921808,False,down,
1995-11-01,107.3,1995,11,1990,42.042406800447466,-2.8959276018099556,0.46816479400748623,1.9886996578560685,False,down,
1995-12-01,107.4,1995,12,1990,42.08158891302943,0.09319664492080104,0.1865671641791078,1.9862721002019479,False,flat,
1996-01-01,107.5,1996,1,1990,42.12077102561139,0.09310986964616852,0.18639328984155767,1.9862716255062642,False,flat,
1996-02-01,106.8,1996,2,1990,41.846496237537636,-0.6511627906976791,-0.743494423791824,1.9939455101542152,False,down,
1996-03-01,107.4,1996,3,1990,42.08158891302943,0.5617977528090012,-0.4633920296570948,1.9997763787595173,False,up,
1996-04-01,108.6,1996,4,1990,42.55177426401299,1.1173184357541777,2.163687676387571,1.9675292686908377,False,up,
1996-05-01,113.6,1996,5,1990,44.5108798931112,4.604051565377532,3.7442922374429255,2.2132042542446846,True,up,
1996-06-01,115.7,1996,6,1990,45.33370425733245,1.848591549295775,1.6695957820738183,1.9744963749468212,False,up,
1996-07-01,114.3,1996,7,1990,44.78515468118495,-1.2100259291270565,-0.5221932114882533,1.9931300854577554,False,down,
1996-08-01,114.5,1996,8,1990,44.86351890634887,0.17497812773403787,-0.261324041811839,1.993830802725227,False,flat,
1996-09-01,114.5,1996,9,1990,44.86351890634887,0.0,1.868327402135228,1.883176281547345,False,flat,
1996-10-01,110.3,1996,10,1990,43.217870177906384,-3.6681222707423577,-0.18099547511312153,2.131066344452775,True,down,
1996-11-01,106.8,1996,11,1990,41.846496237537636,-3.1731640979147824,-0.4659832246039164,2.1665889222870494,True,down,
1996-12-01,107.4,1996,12,1990,42.08158891302943,0.5617977528090012,0.0,2.172978097508999,False,up,
1997-01-01,107.9,1997,1,1990,42.27749947593925,0.4655493482309092,0.37209302325582616,2.1767488663295342,False,flat,
1997-02-01,107.7,1997,2,1990,42.19913525077532,-0.1853568118628357,0.8426966292134797,2.1671896385140714,False,flat,
1997-03-01,107.8,1997,3,1990,42.23831736335728,0.09285051067779992,0.3724394785847185,2.162159493332545,False,flat,
1997-04-01,107.1,1997,4,1990,41.964042575283536,-0.6493506493506551,-1.3812154696132617,2.1431175701095264,False,down,
1997-05-01,109.1,1997,5,1990,42.747684826922814,1.8674136321195078,-3.9612676056338003,1.6967665883585266,False,up,
1997-06-01,113.6,1997,6,1990,44.5108798931112,4.124656278643446,-1.8150388936905903,2.0516706176683694,True,up,
1997-07-01,114.3,1997,7,1990,44.78515468118495,0.616197183098599,0.0,2.0321754407877997,False,up,
1997-08-01,113.2,1997,8,1990,44.35415144278335,-0.962379702537175,-1.1353711790393017,2.05067574608863,False,down,
1997-09-01,114.4,1997,9,1990,44.82433679376692,1.0600706713780994,-0.08733624454148048,2.0769043059688674,False,up,
1997-10-01,109.4,1997,10,1990,42.86523116466871,-4.370629370629375,-0.8159564823209342,2.196538223387726,True,down,
1997-11-01,107.5,1997,11,1990,42.12077102561139,-1.7367458866544894,0.655430711610494,2.0445090410471884,False,down,
1997-12-01,107.9,1997,12,1990,42.27749947593925,0.37209302325582616,0.4655493482309092,2.041122219348997,False,flat,
1998-01-01,107.1,1998,1,1990,41.964042575283536,-0.7414272474513539,-0.7414272474513539,2.0489296292751766,False,down,
1998-02-01,106.9,1998,2,1990,41.88567835011961,-0.18674136321193968,-0.742804085422466,2.0489384307589935,False,flat,
1998-03-01,106.5,1998,3,1990,41.72894989979175,-0.374181478016844,-1.2059369202226278,2.050561809685621,False,flat,
1998-04-01,106.2,1998,4,1990,41.611403562045865,-0.28169014084507005,-0.8403361344537785,2.0440464248664454,False,flat,
1998-05-01,108.6,1998,5,1990,42.55177426401299,2.259887005649719,-0.45829514207149646,2.0803523415628056,False,up,
1998-06-01,112.5,1998,6,1990,44.079876654709594,3.5911602209944826,-0.9683098591549255,1.987387684931772,True,up,
1998-07-01,113.3,1998,7,1990,44.3933335553653,0.7111111111111068,-0.8748906386701671,1.990522336094268,False,up,
1998-08-01,113.7,1998,8,1990,44.550062005693164,0.3530450132391838,0.4416961130742081,1.9721428815564597,False,flat,
1998-09-01,113.7,1998,9,1990,44.550062005693164,0.0,-0.6118881118881148,1.9465895550056447,False,flat,
1998-10-01,109.6,1998,10,1990,42.94359538983264,-3.6059806508355385,0.1828153564899404,1.7986053376277533,True,down,
1998-11-01,107.3,1998,11,1990,42.042406800447466,-2.0985401459853947,-0.18604651162791308,1.8336057101193122,False,down,
1998-12-01,106.5,1998,12,1990,41.72894989979175,-0.745573159366264,-1.297497683039861,1.8413508209074156,False,down,
1999-01-01,106.0,1999,1,1990,41.533039336881934,-0.46948356807511304,-1.0270774976657293,1.834308225824802,False,flat,
1999-02-01,105.5,1999,2,1990,41.33712877397211,-0.4716981132075526,-1.3096351730589428,1.8377898691236842,False,flat,
1999-03-01,105.6,1999,3,1990,41.37631088655407,0.09478672985780978,-0.8450704225352212,1.8362834764580152,False,flat,
1999-04-01,105.3,1999,4,1990,41.25876454880818,-0.28409090909090606,-0.8474576271186529,1.8363105208479231,False,flat,
1999-05-01,107.1,1999,5,1990,41.964042575283536,1.7094017094017033,-1.3812154696132617,1.7791996424837255,False,up,
1999-06-01,110.7,1999,6,1990,43.374598628234246,3.3613445378151363,-1.6000000000000014,1.7365665827807086,True,up,
1999-07-01,112.6,1999,7,1990,44.119058767291556,1.7163504968382925,-0.6178287731685828,1.803291895790365,False,up,
1999-08-01,112.6,1999,8,1990,44.119058767291556,0.0,-0.9674582233949014,1.7992305178270462,False,flat,
1999-09-01,112.7,1999,9,1990,44.158240879873524,0.0888099467140302,-0.8795074758135457,1.799709820635179,False,flat,
1999-10-01,108.9,1999,10,1990,42.66932060175889,-3.371783496007097,-0.6386861313868564,1.7585446469305446,True,down,
1999-11-01,107.2,1999,11,1990,42.0032246878655,-1.5610651974288348,-0.09319664492077884,1.707427554665487,False,down,
1999-12-01,106.4,1999,12,1990,41.68976778720979,-0.7462686567164201,-0.09389671361501595,1.7074553820000253,False,down,
2000-01-01,106.6,2000,1,2000,41.76813201237371,0.1879699248120259,0.5660377358490454,1.7013650910006206,False,flat,
2000-02-01,106.5,2000,2,2000,41.72894989979175,-0.09380863039398779,0.9478672985782088,1.6941045490517077,False,flat,
2000-03-01,106.5,2000,3,2000,41.72894989979175,0.0,0.8522727272727293,1.6943103396445796,False,flat,
2000-04-01,106.6,2000,4,2000,41.76813201237371,0.09389671361501595,1.2345679012345734,1.690355945289923,False,flat,
2000-05-01,108.1,2000,5,2000,42.355863701103175,1.40712945590995,0.9337068160597539,1.6665273453192389,False,up,
2000-06-01,112.3,2000,6,2000,44.00151242954566,3.885291396854762,1.445347786811202,1.7640317318364107,True,up,california_crisis_2000
2000-07-01,114.5,2000,7,2000,44.86351890634887,1.9590382902938686,1.6873889875666181,1.7850890173007632,False,up,
2000-08-01,115.5,2000,8,2000,45.25534003216852,0.8733624454148492,2.5754884547069423,1.7960056068024075,False,up,
2000-09-01,115.8,2000,9,2000,45.37288636991441,0.2597402597402487,2.7506654835847355,1.7954887630769503,False,flat,
2000-10-01,112.7,2000,10,2000,44.158240879873524,-2.677029360967176,3.489439853076215,1.6755968287151666,False,down,
2000-11-01,110.0,2000,11,2000,43.10032384016049,-2.395740905057675,2.6119402985074647,1.774251104594937,False,down,
2000-12-01,111.6,2000,12,2000,43.727237641471916,1.4545454545454417,4.887218045112762,1.777965397877343,False,up,
2001-01-01,114.7,2001,1,2000,44.9418831315128,2.77777777777779,7.598499061913699,1.9011019120836778,False,up,
2001-02-01,114.7,2001,2,2000,44.9418831315128,0.0,7.699530516431929,1.898051345071479,False,flat,
2001-03-01,114.8,2001,3,2000,44.98106524409477,0.08718395815170421,7.793427230046945,1.8955586912069318,False,flat,
2001-04-01,113.6,2001,4,2000,44.5108798931112,-1.0452961672473893,6.566604127579745,1.9532490183119318,False,down,
2001-05-01,114.5,2001,5,2000,44.86351890634887,0.7922535211267734,5.920444033302497,1.9366811909482595,False,up,
2001-06-01,124.8,2001,6,2000,48.89927650229118,8.995633187772922,11.130899376669646,3.0124280824402483,True,up,
2001-07-01,125.7,2001,7,2000,49.25191551552886,0.7211538461538547,9.781659388646279,2.9948858034178163,False,up,
2001-08-01,125.2,2001,8,2000,49.056004952619034,-0.39777247414478634,8.398268398268405,3.0152488757298355,False,flat,
2001-09-01,124.7,2001,9,2000,48.86009438970921,-0.39936102236421966,7.685664939550962,3.0302488945029498,False,flat,
2001-10-01,120.9,2001,10,2000,47.371174111594584,-3.0473135525260653,7.275953859804796,3.068951026172017,True,down,
2001-11-01,115.5,2001,11,2000,45.25534003216852,-4.466501240694798,5.000000000000004,3.30370451467993,True,down,
2001-12-01,115.1,2001,12,2000,45.09861158184066,-0.34632034632035014,3.1362007168458828,3.295114218801292,False,flat,
2002-01-01,114.6,2002,1,2000,44.90270101893084,-0.4344048653344923,-0.08718395815170421,3.2053070280754827,False,flat,
2002-02-01,113.9,2002,2,2000,44.628426230857094,-0.6108202443280919,-0.6974716652136004,3.210815357637282,False,down,
2002-03-01,114.1,2002,3,2000,44.70679045602102,0.17559262510973284,-0.6097560975609762,3.2111666180565255,False,flat,
2002-04-01,113.9,2002,4,2000,44.628426230857094,-0.17528483786151128,0.2640845070422726,3.1953327247150916,False,flat,
2002-05-01,115.9,2002,5,2000,45.41206848249637,1.7559262510974616,1.2227074235807933,3.227161649133766,False,up,
2002-06-01,120.7,2002,6,2000,47.29280988643065,4.141501294219152,-3.2852564102564097,2.137538043279465,True,up,
2002-07-01,121.8,2002,7,2000,47.723813124832255,0.9113504556752305,-3.1026252983293645,2.1461379370678935,False,up,
2002-08-01,122.0,2002,8,2000,47.802177349996185,0.16420361247948545,-2.5559105431309903,2.1485389249575735,False,flat,
2002-09-01,122.6,2002,9,2000,48.03727002548796,0.4918032786885185,-1.6840417000801966,2.1561939572908115,False,flat,
2002-10-01,117.7,2002,10,2000,46.11734650897173,-3.9967373572593723,-2.6468155500413593,2.286833154242983,True,down,
2002-11-01,117.3,2002,11,2000,45.960618058643874,-0.3398470688190325,1.558441558441559,1.8565851534314217,False,flat,
2002-12-01,117.4,2002,12,2000,45.99980017122584,0.08525149190110604,1.9982623805386623,1.850377460930115,False,flat,
2003-01-01,118.0,2003,1,2000,46.23489284671762,0.5110732538330387,2.9668411867364908,1.8419145530951482,False,up,
2003-02-01,118.2,2003,2,2000,46.313257071881544,0.16949152542373724,3.7752414398595224,1.822062852693037,False,flat,
2003-03-01,120.5,2003,3,2000,47.21444566126672,1.9458544839255465,5.609114811568805,1.8796617777021773,False,up,
2003-04-01,121.3,2003,4,2000,47.52790256192244,0.663900414937757,6.496927129060581,1.8689689059936245,False,up,
2003-05-01,122.0,2003,5,2000,47.802177349996185,0.577081615828523,5.263157894736836,1.8299343051673702,False,up,
2003-06-01,124.7,2003,6,2000,48.86009438970921,2.2131147540983553,3.31400165700082,1.536898564017812,False,up,
2003-07-01,127.5,2003,7,2000,49.957193542004205,2.245388933440262,4.679802955665036,1.631796281112472,False,up,
2003-08-01,127.2,2003,8,2000,49.83964720425832,-0.23529411764705577,4.2622950819672045,1.6409649789629548,False,flat,
2003-09-01,127.8,2003,9,2000,50.0747398797501,0.4716981132075526,4.241435562805873,1.6408294602817708,False,flat,
2003-10-01,124.0,2003,10,2000,48.585819601635464,-2.9733959311424085,5.352591333899737,1.4032485898461535,False,down,
2003-11-01,120.0,2003,11,2000,47.0185350983569,-3.2258064516129004,2.3017902813299296,1.7534954964173743,True,down,
2003-12-01,120.1,2003,12,2000,47.05771721093887,0.08333333333332416,2.2998296422487075,1.7535073958330059,False,flat,
2004-01-01,120.3,2004,1,2000,47.13608143610279,0.16652789342215257,1.9491525423728895,1.7508387087285595,False,flat,
2004-02-01,120.3,2004,2,2000,47.13608143610279,0.0,1.7766497461928932,1.75157207962296,False,flat,
2004-03-01,120.3,2004,3,2000,47.13608143610279,0.0,-0.16597510373443924,1.6589391268683205,False,flat,
2004-04-01,120.3,2004,4,2000,47.13608143610279,0.0,-0.8244023083264662,1.6457627912538153,False,flat,
2004-05-01,121.3,2004,5,2000,47.52790256192244,0.8312551953449709,-0.5737704918032827,1.6562597319901284,False,up,
2004-06-01,128.1,2004,6,2000,50.192286217496,5.605935696619957,2.7265437048917374,2.2559783729052754,True,up,
2004-07-01,128.0,2004,7,2000,50.15310410491403,-0.07806401249024209,0.39215686274509665,2.1668629713746346,False,flat,
2004-08-01,129.5,2004,8,2000,50.74083579364349,1.171875,1.8081761006289332,2.187767938591524,False,up,
2004-09-01,129.5,2004,9,2000,50.74083579364349,0.0,1.3302034428795073,2.186113216801483,False,flat,
2004-10-01,122.6,2004,10,2000,48.03727002548796,-5.328185328185331,-1.1290322580645218,2.563327679482776,True,down,
2004-11-01,121.8,2004,11,2000,47.723813124832255,-0.6525285481239762,1.4999999999999902,2.3755739756301417,False,down,
2004-12-01,122.9,2004,12,2000,48.15481636323386,0.9031198686371145,2.3313905079100916,2.3852499276257664,False,up,
2005-01-01,125.2,2005,1,2000,49.056004952619034,1.8714401952807158,4.0731504571903665,2.432198014000664,False,up,
2005-02-01,124.5,2005,2,2000,48.78173016454529,-0.5591054313099031,3.4912718204488824,2.4450509498829023,False,down,
2005-03-01,124.6,2005,3,2000,48.82091227712725,0.08032128514054993,3.5743973399833706,2.4442235792292593,False,flat,
2005-04-01,125.0,2005,4,2000,48.97764072745511,0.32102728731941976,3.906899418121368,2.442152671050349,False,flat,
2005-05-01,127.0,2005,5,2000,49.76128297909439,1.6000000000000014,4.699093157460843,2.465969638205802,False,up,
2005-06-01,134.2,2005,6,2000,52.5823950849958,5.6692913385826715,4.761904761904767,2.4781401517925072,True,up,
2005-07-01,136.3,2005,7,2000,53.40521944921706,1.5648286140089507,6.484375000000009,2.493660668012978,False,up,
2005-08-01,136.6,2005,8,2000,53.522765786962935,0.22010271460013442,5.4826254826254806,2.487332800610754,False,flat,katrina_rita_2005
2005-09-01,136.9,2005,9,2000,53.640312124708835,0.21961932650074178,5.714285714285716,2.4843326995777772,False,flat,
2005-10-01,134.2,2005,10,2000,52.5823950849958,-1.9722425127830623,9.461663947797705,1.8864850820629668,False,down,
2005-11-01,135.5,2005,11,2000,53.09176254856134,0.9687034277198192,11.24794745484401,1.8324587830009313,False,up,
2005-12-01,135.7,2005,12,2000,53.17012677372526,0.14760147601475815,10.414971521562233,1.8455462840526693,False,flat,
2006-01-01,140.4,2006,1,2000,55.01168606507758,3.4635224760501293,12.140575079872207,1.9785333742474238,True,up,
2006-02-01,141.8,2006,2,2000,55.56023564122508,0.9971509971510084,13.895582329317268,1.9187965301215377,False,up,
2006-03-01,140.8,2006,3,2000,55.16841451540544,-0.7052186177715081,13.0016051364366,1.9697183100162003,False,down,
2006-04-01,142.6,2006,4,2000,55.87369254188078,1.2784090909090828,14.080000000000004,1.9572460321858964,False,up,
2006-05-01,143.6,2006,5,2000,56.26551366770043,0.7012622720897532,13.070866141732274,1.9544430874347107,False,up,
2006-06-01,152.4,2006,6,2000,59.71353957491326,6.1281337047353945,13.561847988077513,2.05501520203376,True,up,
2006-07-01,153.0,2006,7,2000,59.948632250405055,0.3937007874015741,12.252384446074815,2.0579279088479887,False,flat,
2006-08-01,151.5,2006,8,2000,59.36090056167559,-0.9803921568627416,10.907759882869694,2.1266168239732797,False,down,
2006-09-01,152.2,2006,9,2000,59.63517534974934,0.46204620462044765,11.176040905770623,2.1208474502772376,False,flat,
2006-10-01,144.0,2006,10,2000,56.42224211802829,-5.387647831800257,7.302533532041733,2.694061669281233,True,down,
2006-11-01,140.6,2006,11,2000,55.0900502902415,-2.361111111111114,3.763837638376377,2.8235091542260062,False,down,
2006-12-01,141.1,2006,12,2000,55.285960853151316,0.35561877667140696,3.979366249078864,2.8228269548382134,False,flat,
2007-01-01,144.5,2007,1,2000,56.6181526809381,2.4096385542168752,2.9202279202279247,2.7325139479075213,False,up,
2007-02-01,147.7,2007,2,2000,57.87198028356095,2.214532871972308,4.1607898448518865,2.7839058174467075,False,up,
2007-03-01,144.7,2007,3,2000,56.696516906102026,-2.031144211239,2.7698863636363535,2.8560873040549457,False,down,
2007-04-01,145.6,2007,4,2000,57.04915591933971,0.621976503109889,2.103786816269282,2.841165582168992,False,up,
2007-05-01,150.7,2007,5,2000,59.04744366101987,3.5027472527472403,4.944289693593307,2.996030275375018,True,up,
2007-06-01,157.0,2007,6,2000,61.51591675368362,4.180491041804912,3.0183727034120755,2.698047842627232,True,up,
2007-07-01,157.2,2007,7,2000,61.594280978847536,0.1273885350318471,2.7450980392156765,2.698138145179279,False,flat,
2007-08-01,157.8,2007,8,2000,61.82937365433933,0.3816793893129944,4.158415841584162,2.669736166214983,False,flat,
2007-09-01,158.4,2007,9,2000,62.06446632983111,0.3802281368821214,4.073587385019728,2.669592602286223,False,flat,
2007-10-01,153.6,2007,10,2000,60.18372492589683,-3.0303030303030387,6.666666666666665,2.2635521265693455,True,down,
2007-11-01,151.6,2007,11,2000,59.40008267425755,-1.302083333333337,7.823613086770975,2.1573500233457517,False,down,
2007-12-01,151.3,2007,12,2000,59.28253633651167,-0.19788918205803085,7.228915662650626,2.170116645083106,False,flat,
2008-01-01,153.0,2008,1,2000,59.948632250405055,1.1235955056179803,5.882352941176472,2.1036176083047917,False,up,commodity_peak_2008
2008-02-01,151.1,2008,2,2000,59.20417211134773,-1.2418300653594838,2.3019634394042088,2.083692310334181,False,down,
2008-03-01,154.1,2008,3,2000,60.37963548880665,1.985440105890146,6.496199032480998,2.01241602881995,False,up,
2008-04-01,156.1,2008,4,2000,61.163277740445935,1.29785853341986,7.211538461538458,2.0242118042069337,False,up,
2008-05-01,159.7,2008,5,2000,62.57383379339664,2.306213965406778,5.972130059721303,1.8935091252513274,False,up,
2008-06-01,161.4,2008,6,2000,63.23992970729003,1.0644959298685253,2.8025477707006363,1.5198167001943435,False,up,
2008-07-01,165.6,2008,7,2000,64.88557843573253,2.6022304832713727,5.343511450381677,1.6640371620862648,False,up,
2008-08-01,166.3,2008,8,2000,65.15985322380628,0.4227053140096748,5.386565272496835,1.6639318466668291,False,flat,
2008-09-01,165.0,2008,9,2000,64.65048576024074,-0.7817197835237599,4.166666666666652,1.7017953410348938,False,down,gfc_crash_2008
2008-10-01,162.7,2008,10,2000,63.749297170855556,-1.393939393939403,5.924479166666674,1.4533857333976623,False,down,
2008-11-01,158.2,2008,11,2000,61.986102104667175,-2.7658266748617044,4.353562005277034,1.6637080465828549,False,down,
2008-12-01,158.7,2008,12,2000,62.182012667577006,0.3160556257901348,4.890945142101777,1.6543927255248478,False,flat,
2009-01-01,160.0,2009,1,2000,62.69138013114254,0.8191556395715338,4.575163398692816,1.644782650258878,False,up,
2009-02-01,160.0,2009,2,2000,62.69138013114254,0.0,5.890138980807413,1.5704458903117007,False,flat,
2009-03-01,157.3,2009,3,2000,61.633463091429505,-1.6874999999999973,2.0765736534717805,1.6097931458011303,False,down,
2009-04-01,156.3,2009,4,2000,61.24164196560987,-0.6357279084551859,0.12812299807816174,1.584665677943787,False,down,
2009-05-01,158.9,2009,5,2000,62.26037689274093,1.6634676903390933,-0.5009392611145747,1.5095274350504935,False,up,
2009-06-01,160.9,2009,6,2000,63.044019144380215,1.2586532410320928,-0.30978934324659146,1.5233189103928946,False,up,
2009-07-01,163.5,2009,7,2000,64.06275407151128,1.615910503418272,-1.26811594202898,1.3900296995290917,False,up,
2009-08-01,161.9,2009,8,2000,63.43584027019986,-0.9785932721712465,-2.645820805772703,1.401180404617587,False,down,
2009-09-01,162.0,2009,9,2000,63.47502238278182,0.06176652254477055,-1.8181818181818188,1.391242555214706,False,flat,
2009-10-01,158.0,2009,10,2000,61.90773787950326,-2.4691358024691357,-2.8887523048555575,1.5087303474232563,False,down,
2009-11-01,155.2,2009,11,2000,60.81063872720826,-1.7721518987341867,-1.896333754740831,1.378780466773991,False,down,
2009-12-01,155.3,2009,12,2000,60.849820839790226,0.06443298969074363,-2.142407057340878,1.3729380954402692,False,flat,
2010-01-01,155.3,2010,1,2010,60.849820839790226,0.0,-2.937499999999993,1.3391452386440084,False,flat,
2010-02-01,155.3,2010,2,2010,60.849820839790226,0.0,-2.937499999999993,1.3391452386440084,False,flat,
2010-03-01,157.8,2010,3,2010,61.82937365433933,1.6097875080489432,0.31786395422759295,1.3533205585385102,False,up,
2010-04-01,157.6,2010,4,2010,61.7510094291754,-0.12674271229405898,0.8317338451695244,1.3382849521064049,False,flat,
2010-05-01,159.6,2010,5,2010,62.534651680814676,1.2690355329949332,0.4405286343612369,1.300083919084595,False,up,
2010-06-01,164.8,2010,6,2010,64.57212153507682,3.2581453634085378,2.423865755127408,1.569971923264174,True,up,
2010-07-01,166.0,2010,7,2010,65.04230688606039,0.7281553398058138,1.5290519877675823,1.5178033731206717,False,up,
2010-08-01,166.9,2010,8,2010,65.39494589929807,0.5421686746988064,3.0883261272390383,1.4791799773204344,False,up,
2010-09-01,166.3,2010,9,2010,65.15985322380628,-0.3594967046135378,2.654320987654324,1.4893741953810111,False,flat,
2010-10-01,162.0,2010,10,2010,63.47502238278182,-2.5856885147324205,2.5316455696202445,1.5088201038755662,False,down,
2010-11-01,158.9,2010,11,2010,62.26037689274093,-1.913580246913582,2.3840206185567148,1.526238888857104,False,down,
2010-12-01,159.4,2010,12,2010,62.45628745565075,0.3146633102580232,2.640051513200259,1.5258205612438902,False,flat,
2011-01-01,160.8,2011,1,2010,63.00483703179825,0.8782936010037767,3.5415325177076573,1.5349255589339768,False,up,
2011-02-01,162.1,2011,2,2010,63.51420449536378,0.8084577114427782,4.378622021893097,1.5382409426746453,False,up,
2011-03-01,162.6,2011,3,2010,63.7101150582736,0.30845157310301907,3.041825095057016,1.4878289673467266,False,flat,
2011-04-01,161.9,2011,4,2010,63.43584027019986,-0.4305043050430446,2.7284263959390875,1.4975621620783075,False,flat,
2011-05-01,163.6,2011,5,2010,64.10193618409325,1.0500308832612548,2.506265664160412,1.4850955389194458,False,up,
2011-06-01,171.0,2011,6,2010,67.00141251515859,4.523227383863082,3.762135922330101,1.7431238935169173,True,up,
2011-07-01,179.2,2011,7,2010,70.21434574687963,4.795321637426886,7.951807228915664,2.1719351730621135,True,up,
2011-08-01,180.4,2011,8,2010,70.68453109786321,0.6696428571428603,8.088675853804684,2.171613140414997,False,up,
2011-09-01,179.6,2011,9,2010,70.37107419720749,-0.44345898004435336,7.997594708358369,2.17536921132928,False,flat,
2011-10-01,172.3,2011,10,2010,67.51077997872412,-4.0645879732739365,6.358024691358022,2.4059214864018523,True,down,
2011-11-01,170.5,2011,11,2010,66.80550195224878,-1.044689495066753,7.300188797986151,2.337422819567116,False,down,
2011-12-01,170.8,2011,12,2010,66.92304828999465,0.17595307917890324,7.15181932245923,2.339378437670967,False,flat,
2012-01-01,167.9,2012,1,2010,65.7867670251177,-1.697892271662771,4.415422885572129,2.4282546923496136,False,down,
2012-02-01,167.3,2012,2,2010,65.55167434962593,-0.3573555687909402,3.207896360271456,2.4331977542891687,False,flat,
2012-03-01,166.8,2012,3,2010,65.3557637867161,-0.298864315600722,2.583025830258312,2.439095734588618,False,flat,
2012-04-01,165.4,2012,4,2010,64.8072142105686,-0.8393285371702697,2.1618282890673246,2.452128899065194,False,down,
2012-05-01,168.2,2012,5,2010,65.90431336286359,1.6928657799274438,2.8117359413202925,2.4791250570510956,False,up,
2012-06-01,173.3,2012,6,2010,67.90260110454376,3.032104637336519,1.3450292397660935,2.2749338179105574,True,up,
2012-07-01,185.2,2012,7,2010,72.56527250179748,6.866705135602991,3.3482142857142794,2.699635771060633,True,up,
2012-08-01,185.6,2012,8,2010,72.72200095212534,0.2159827213823018,2.882483370288247,2.6972802183728075,False,flat,
2012-09-01,186.2,2012,9,2010,72.95709362761713,0.3232758620689724,3.674832962138086,2.6879136658998233,False,flat,
2012-10-01,179.2,2012,10,2010,70.21434574687963,-3.759398496240607,4.004643064422497,2.643593402612498,True,down,
2012-11-01,177.7,2012,11,2010,69.62661405815017,-0.8370535714285698,4.222873900293256,2.6342328031394495,False,down,
2012-12-01,178.9,2012,12,2010,70.09679940913375,0.6752954417557744,4.74238875878219,2.6347222009857423,False,up,
2013-01-01,166.2,2013,1,2010,65.12067111122431,-7.098937954164342,-1.0125074449076954,3.3838666684766947,True,down,
2013-02-01,166.3,2013,2,2010,65.15985322380628,0.06016847172083395,-0.5977286312014329,3.3823640313421865,False,flat,
2013-03-01,166.0,2013,3,2010,65.04230688606039,-0.18039687312086938,-0.47961630695444457,3.3815765087813365,False,flat,
2013-04-01,165.8,2013,4,2010,64.96394266089645,-0.12048192771083599,0.2418379685610761,3.3714646600950036,False,flat,
2013-05-01,169.7,2013,5,2010,66.49204505159305,2.3522316043425695,0.8917954815695683,3.4054750028916287,False,up,
2013-06-01,176.6,2013,6,2010,69.19561081974858,4.065998821449623,1.9042123485285556,3.4974784907743786,True,up,
2013-07-01,176.0,2013,7,2010,68.96051814425678,-0.3397508493771184,-4.9676025917926525,2.8004996238652202,False,flat,
2013-08-01,175.2,2013,8,2010,68.64706124360107,-0.454545454545463,-5.603448275862077,2.7940584812163225,False,flat,
2013-09-01,175.2,2013,9,2010,68.64706124360107,0.0,-5.907626208378092,2.7875515764939847,False,flat,
2013-10-01,167.8,2013,10,2010,65.74758491253574,-4.223744292237431,-6.361607142857128,2.840096181792047,True,down,
2013-11-01,166.0,2013,11,2010,65.04230688606039,-1.0727056019070424,-6.584130557118728,2.843387754780382,False,down,
2013-12-01,167.2,2013,12,2010,65.51249223704396,0.7228915662650603,-6.539966461710467,2.8452515636126217,False,up,
2014-01-01,179.5,2014,1,2010,70.33189208462554,7.35645933014355,8.00240673886885,2.868507811610965,True,up,
2014-02-01,178.9,2014,2,2010,70.09679940913375,-0.3342618384401086,7.576668671076359,2.8785046891462587,False,flat,
2014-03-01,179.3,2014,3,2010,70.25352785946161,0.22358859698154987,8.012048192771083,2.8702906868734592,False,flat,
2014-04-01,176.0,2014,4,2010,68.96051814425678,-1.8404907975460238,6.151990349819059,2.9556466222251006,False,down,
2014-05-01,179.6,2014,5,2010,70.37107419720749,2.0454545454545503,5.833824395992937,2.9398119900462327,False,up,
2014-06-01,186.8,2014,6,2010,73.19218630310893,4.008908685968837,5.775764439411102,2.9335779829100495,True,up,
2014-07-01,189.8,2014,7,2010,74.36764968056784,1.6059957173447437,7.840909090909087,2.9362539107397665,False,up,
2014-08-01,190.0,2014,8,2010,74.44601390573176,0.10537407797681642,8.447488584474883,2.921172865814873,False,flat,
2014-09-01,187.8,2014,9,2010,73.58400742892856,-1.1578947368421022,7.191780821917826,2.965773154499371,False,down,
2014-10-01,181.3,2014,10,2010,71.03717011110089,-3.4611288604898816,8.045292014302753,2.8587864120319235,True,down,
2014-11-01,176.0,2014,11,2010,68.96051814425678,-2.923331494760073,6.024096385542177,3.0081539193275475,False,down,
2014-12-01,178.6,2014,12,2010,69.97925307138786,1.477272727272716,6.818181818181812,3.020425087559912,False,up,
2015-01-01,185.9,2015,1,2010,72.83954728987123,4.087346024636074,3.5654596100278546,2.4480539032941224,True,up,
2015-02-01,184.7,2015,2,2010,72.36936193888766,-0.6455083378160364,3.2420346562325175,2.4572445335649205,False,down,
2015-03-01,182.4,2015,3,2010,71.4681733495025,-1.2452625879805002,1.7289459007250318,2.49731755439436,False,down,
2015-04-01,178.4,2015,4,2010,69.90088884622394,-2.1929824561403466,1.3636363636363669,2.52505241064839,False,down,
2015-05-01,181.5,2015,5,2010,71.11553433626482,1.7376681614349687,1.0579064587973308,2.5054471969907857,False,up,
2015-06-01,197.8,2015,6,2010,77.50221868712497,8.980716253443521,5.8886509635974305,3.4432381615695093,True,up,
2015-07-01,197.7,2015,7,2010,77.46303657454298,-0.050556117290201374,4.162276080084282,3.4293871631006176,False,flat,
2015-08-01,197.3,2015,8,2010,77.30630812421514,-0.2023267577137,3.842105263157891,3.432878925420424,False,flat,
2015-09-01,195.1,2015,9,2010,76.44430164741193,-1.1150532184490691,3.8871139510117114,3.431170746823037,False,down,
2015-10-01,182.1,2015,10,2010,71.3506270117566,-6.663249615581757,0.44125758411470706,3.8546371624938955,True,down,
2015-11-01,178.1,2015,11,2010,69.78334250847803,-2.196595277320157,1.193181818181821,3.8081836577329367,False,down,
2015-12-01,179.2,2015,12,2010,70.21434574687963,0.6176305446378372,0.33594624860022737,3.7892779454526724,False,up,
2016-01-01,171.0,2016,1,2010,67.00141251515859,-4.575892857142849,-8.015061861215711,3.784277598203737,True,down,
2016-02-01,170.2,2016,2,2010,66.68795561450287,-0.4678362573099504,-7.850568489442344,3.7845559124579147,False,flat,
2016-03-01,170.4,2016,3,2010,66.76631983966679,0.1175088131609936,-6.578947368421051,3.7843535810553246,False,flat,
2016-04-01,168.6,2016,4,2010,66.06104181319145,-1.0563380281690238,-5.493273542600907,3.7522404125662345,False,down,
2016-05-01,171.8,2016,5,2010,67.3148694158143,1.8979833926453304,-5.344352617079884,3.7608429409938506,False,up,
2016-06-01,183.2,2016,6,2010,71.7816302501582,6.635622817229314,-7.381193124368057,3.2566129606623564,True,up,
2016-07-01,188.3,2016,7,2010,73.77991799183837,2.7838427947598277,-4.754678806272117,3.3988402637042716,False,up,
2016-08-01,189.2,2016,8,2010,74.13255700507605,0.4779607010090059,-4.1054232133806545,3.407227786331792,False,flat,
2016-09-01,189.9,2016,9,2010,74.40683179314979,0.36997885835095,-2.665299846232694,3.4017139932433396,False,flat,
2016-10-01,179.2,2016,10,2010,70.21434574687963,-5.634544497103744,-1.5925315760571102,3.231975644575863,True,down,
2016-11-01,176.2,2016,11,2010,69.03888236942072,-1.6741071428571397,-1.066816395283554,3.204356971212733,False,down,
2016-12-01,176.5,2016,12,2010,69.15642870716661,0.17026106696935717,-1.506696428571419,3.1985776829002797,False,flat,
2017-01-01,193.8,2017,1,2010,75.93493418384641,9.801699716713896,13.33333333333333,3.9627575937107276,True,up,
2017-02-01,194.7,2017,2,2010,76.28757319708407,0.4643962848297045,14.394829612220917,3.9378915411989563,False,flat,
2017-03-01,195.9,2017,3,2010,76.75775854806764,0.6163328197226647,14.964788732394375,3.9280903844884407,False,up,
2017-04-01,196.0,2017,4,2010,76.79694066064961,0.05104645227156368,16.25148279952551,3.8820338167664707,False,flat,
2017-05-01,198.2,2017,5,2010,77.65894713745281,1.122448979591839,15.366705471478447,3.878172770638314,False,up,
2017-06-01,209.8,2017,6,2010,82.20407219696065,5.852674066599417,14.519650655021854,3.7850806253006173,True,up,
2017-07-01,211.8,2017,7,2010,82.98771444859993,0.9532888465205058,12.480084970791294,3.7521976629429297,False,up,
2017-08-01,209.9,2017,8,2010,82.2432543095426,-0.8970727101038745,10.940803382663855,3.7919606072667333,False,down,
2017-09-01,208.1,2017,9,2010,81.53797628306727,-0.8575512148642273,9.583991574512885,3.824944584121787,False,down,
2017-10-01,199.6,2017,10,2010,78.2074967136003,-4.084574723690537,11.38392857142858,3.606716315194361,True,down,
2017-11-01,197.9,2017,11,2010,77.54140079970693,-0.8517034068136198,12.315550510783213,3.5596217047901777,False,down,
2017-12-01,198.4,2017,12,2010,77.73731136261675,0.2526528549772644,12.407932011331457,3.557894970989506,False,flat,
2018-01-01,203.5,2018,1,2010,79.73559910429692,2.570564516129026,5.005159958720329,2.343165278452954,False,up,
2018-02-01,205.0,2018,2,2010,80.32333079302637,0.7371007371007376,5.2901900359527465,2.3448223797295777,False,up,
2018-03-01,201.4,2018,3,2010,78.91277474007568,-1.7560975609756113,2.8075548749362023,2.4285435128199344,False,down,
2018-04-01,198.6,2018,4,2010,77.81567558778067,-1.3902681231380387,1.3265306122449028,2.474894445088375,False,down,
2018-05-01,201.6,2018,5,2010,78.9911389652396,1.5105740181268867,1.7154389505549927,2.4914159430473832,False,up,
2018-06-01,213.3,2018,6,2010,83.57544613732941,5.803571428571441,1.668255481410874,2.4812538180914325,True,up,
2018-07-01,216.3,2018,7,2010,84.75090951478832,1.4064697609001309,2.1246458923512845,2.4977220012268173,False,up,
2018-08-01,216.2,2018,8,2010,84.71172740220635,-0.046232085067043904,3.0014292520247565,2.4756139606326304,False,flat,
2018-09-01,213.5,2018,9,2010,83.65381036249332,-1.2488436632747457,2.5949062950504587,2.494386773428539,False,down,
2018-10-01,206.1,2018,10,2010,80.75433403142797,-3.466042154566751,3.256513026052099,2.4015174385709397,True,down,
2018-11-01,200.7,2018,11,2010,78.63849995200192,-2.6200873362445476,1.414855987872654,2.529048925886355,False,down,
2018-12-01,201.4,2018,12,2010,78.91277474007568,0.34877927254610697,1.5120967741935498,2.5295692395723526,False,flat,
2019-01-01,204.7,2019,1,2010,80.20578445528048,1.638530287984108,0.5896805896805857,2.462035607362931,False,up,
2019-02-01,203.9,2019,2,2010,79.89232755462477,-0.39081582804102455,-0.536585365853659,2.4560442058984133,False,flat,
2019-03-01,201.9,2019,3,2010,79.10868530298549,-0.9808729769494873,0.24826216484608032,2.416026587039482,False,down,
2019-04-01,199.5,2019,4,2010,78.16831460101835,-1.188707280832102,0.45317220543807935,2.405804548952578,False,down,
2019-05-01,201.5,2019,5,2010,78.95195685265763,1.0025062656641603,-0.04960317460317443,2.3823864160397625,False,up,
2019-06-01,209.5,2019,6,2010,82.08652585921476,3.970223325062028,-1.7815283638068502,2.007111499915999,True,up,
2019-07-01,211.7,2019,7,2010,82.94853233601796,1.0501193317422386,-2.1266759130836865,1.9848042292906187,False,up,
2019-08-01,214.9,2019,8,2010,84.20235993864083,1.5115729806329803,-0.6012950971322817,2.0430787917020434,False,up,
2019-09-01,212.6,2019,9,2010,83.30117134925564,-1.0702652396463508,-0.4215456674473095,2.034033179188216,False,down,
2019-10-01,193.4,2019,10,2010,75.77820573351855,-9.031044214487293,-6.162057253760301,3.19509316728705,True,down,
2019-11-01,192.4,2019,11,2010,75.3863846076989,-0.5170630816959676,-4.135525660189332,3.123920700358974,False,down,
2019-12-01,194.3,2019,12,2010,76.13084474675622,0.9875259875259834,-3.525322740814296,3.141461253165983,False,up,
2020-01-01,194.6,2020,1,2020,76.2483910845021,0.15440041173442332,-4.934049829018072,3.0890640272849765,False,flat,
2020-02-01,195.8,2020,2,2020,76.71857643548569,0.6166495375128589,-3.972535556645407,3.1022634708592367,False,up,
2020-03-01,194.9,2020,3,2020,76.36593742224801,-0.4596527068437162,-3.467062902426943,3.0953713474227667,False,flat,covid_2020
2020-04-01,194.7,2020,4,2020,76.28757319708407,-0.10261672652642773,-2.4060150375939893,3.0812048738858193,False,flat,
2020-05-01,194.6,2020,5,2020,76.2483910845021,-0.05136106831021836,-3.424317617866013,3.0600886785417227,False,flat,
2020-06-01,209.2,2020,6,2020,81.96897952146887,7.502569373072965,-0.14319809069213152,3.6209415428154825,True,up,
2020-07-01,211.9,2020,7,2020,83.0268965611819,1.2906309751434142,0.09447331128957792,3.627644711363869,False,up,
2020-08-01,211.9,2020,8,2020,83.0268965611819,0.0,-1.3959981386691522,3.5991419491483736,False,flat,
2020-09-01,214.1,2020,9,2020,83.8889030379851,1.0382255781028693,0.7055503292568099,3.5966279576348703,False,up,
2020-10-01,197.6,2020,10,2020,77.42385446196103,-7.706679121905646,2.171664943123064,3.298274806888928,True,down,
2020-11-01,194.9,2020,11,2020,76.36593742224801,-1.3663967611335925,1.2993762993763092,3.3247557084729715,False,down,
2020-12-01,194.6,2020,12,2020,76.2483910845021,-0.1539250897896416,0.15440041173442332,3.31519918027745,False,flat,
2021-01-01,196.1,2021,1,2020,76.83612277323158,0.770811921891057,0.770811921891057,3.3215054269481508,False,up,
2021-02-01,196.6,2021,2,2020,77.0320333361414,0.2549719530851702,0.40858018386107364,3.318177418407309,False,flat,texas_freeze_2021
2021-03-01,211.6,2021,3,2020,82.90935022343601,7.629704984740582,8.568496664956381,3.957624549052536,True,up,
2021-04-01,198.1,2021,4,2020,77.61976502487084,-6.379962192816635,1.746276322547513,4.464274304201732,True,down,
2021-05-01,199.9,2021,5,2020,78.32504305134621,0.9086320040383677,2.7235354573484027,4.467262734607498,False,up,
2021-06-01,217.1,2021,6,2020,85.06436641544403,8.604302151075526,3.7762906309751543,4.636509747216032,True,up,
2021-07-01,221.232,2021,7,2020,86.68337130733079,1.9032703823123054,4.403964134025484,4.650469655200031,False,up,
2021-08-01,222.615,2021,8,2020,87.22525992433935,0.6251356042525469,5.0566304860783395,4.648366551151385,False,up,
2021-09-01,219.977,2021,9,2020,86.19163579442713,-1.1850055027738504,2.7449789817842074,4.669685124055826,False,down,
2021-10-01,213.345,2021,10,2020,83.59307808799127,-3.014860644521933,7.968117408906883,4.097384084092042,True,down,
2021-11-01,211.864,2021,11,2020,83.01279100065238,-0.6941807869882077,8.703950743971255,4.070829409026225,False,down,
2021-12-01,210.082,2021,12,2020,82.31456575444179,-0.841105614922788,7.955806783144914,4.08983389840055,False,down,
2022-01-01,220.008,2022,1,2020,86.20378224932755,4.7248217362744205,12.191738908720051,4.2508366096379975,True,up,
2022-02-01,224.998,2022,2,2020,88.15896966716755,2.2680993418421114,14.444557477110887,4.256559318586345,False,up,ukraine_2022
2022-03-01,221.402,2022,3,2020,86.74998089872011,-1.5982364287682627,4.632325141776938,3.800992462277674,False,down,
2022-04-01,219.764,2022,4,2020,86.10817789462756,-0.7398307151696759,10.935890964159523,3.1782458991952636,False,down,
2022-05-01,223.788,2022,5,2020,87.6848661049258,1.8310551318687418,11.94997498749375,3.189255294379462,False,up,
2022-06-01,237.718,2022,6,2020,93.14293438759339,6.224641178257984,9.497005988023943,2.710890308841672,True,up,
2022-07-01,248.316,2022,7,2020,97.29545467902993,4.458223609486867,12.242351920156214,2.8998520974152027,True,up,
2022-08-01,251.478,2022,8,2020,98.53439307887164,1.2733774706422452,12.965433596118858,2.898171990329255,False,up,
2022-09-01,254.327,2022,9,2020,99.65069146633179,1.1329022817105239,15.615268869018117,2.810952162760113,False,up,
2022-10-01,238.315,2022,10,2020,93.3768515997077,-6.295831744171876,11.704047434905895,3.368072937103193,True,down,
2022-11-01,228.93,2022,11,2020,89.69961033389038,-3.9380651658519117,8.055167465921542,3.63420577793973,True,down,
2022-12-01,234.069,2022,12,2020,91.71317909947751,2.2447909841436076,11.417922525490054,3.623763985332427,False,up,
2023-01-01,254.862,2023,1,2020,99.86031576864531,8.883278007766936,15.842151194502009,4.173139229828075,True,up,
2023-02-01,247.386,2023,2,2020,96.93106103201768,-2.9333521670551144,9.950310669428175,4.3319179997657695,False,down,
2023-03-01,242.897,2023,3,2020,95.1721759982133,-1.8145731771401774,9.708584384964913,4.343597201445873,False,down,
2023-04-01,235.729,2023,4,2020,92.36360216833812,-2.951045093187643,7.264611128301279,4.462925985629403,False,down,
2023-05-01,242.189,2023,5,2020,94.894766641133,2.740434991027829,8.222514165192042,4.491943308295244,False,up,
2023-06-01,260.848,2023,6,2020,102.20575702780168,7.704313573283694,9.730016237727067,4.672504865596344,True,up,
2023-07-01,263.788,2023,7,2020,103.35771113771142,1.1270931730356315,6.230770469885161,4.537291427849639,False,up,
2023-08-01,265.285,2023,8,2020,103.94426736306343,0.5675011751861359,5.490341103396723,4.5323093377407035,False,up,
2023-09-01,266.027,2023,9,2020,104.23499863842159,0.2796991914356006,4.6003766804153745,4.528835718658179,False,flat,
2023-10-01,250.248,2023,10,2020,98.05245309411347,-5.931352832607217,5.007238319031537,4.480312648637566,True,down,
2023-11-01,246.262,2023,11,2020,96.4906540865964,-1.5928199226367457,7.570873192678973,4.317392493402989,False,down,
2023-12-01,246.876,2023,12,2020,96.73123225784965,0.2493279515312974,5.47146354280148,4.290563368472526,False,flat,
2024-01-01,248.416,2024,1,2020,97.3346367916119,0.6237949415901056,-2.5292118872173974,3.3978809028887795,False,up,
2024-02-01,255.637,2024,2,2020,100.16397714115553,2.906817596290101,3.335273620980983,3.3828956939956596,False,up,
2024-03-01,250.924,2024,3,2020,98.31732417516757,-1.8436298344918778,3.304692935688802,3.384576946505347,False,down,
2024-04-01,248.639,2024,4,2020,97.42201290266969,-0.9106342956432978,5.476627822626834,3.253852383088616,False,down,
2024-05-01,245.079,2024,5,2020,96.02712969475176,-1.4317946902939638,1.193282931925066,3.214590531179427,False,down,
2024-06-01,265.632,2024,6,2020,104.08022929372285,8.386275445876645,1.8340182788443737,3.362969645314633,True,up,
2024-07-01,267.527,2024,7,2020,104.82273032715106,0.7133929647030302,1.4174261149104472,3.3547403247757672,False,up,
2024-08-01,267.47,2024,8,2020,104.80039652297934,-0.021306260676479116,0.8236424976911572,3.3526720726392742,False,flat,
2024-09-01,267.607,2024,9,2020,104.85407601721664,0.05122069764833537,0.5939246768185358,3.3523251245344654,False,flat,
2024-10-01,253.604,2024,10,2020,99.3674047923642,-5.232673285825862,1.341069658898375,3.2423127488460066,True,down,
2024-11-01,245.467,2024,11,2020,96.1791562915698,-3.208545606536173,-0.3228269079273205,3.3532854159048484,True,down,
2024-12-01,246.62,2024,12,2020,96.63092604963983,0.4697169069569407,-0.10369578249809219,3.355237540978435,False,flat,
2025-01-01,248.449,2025,1,2020,97.34756688876396,0.7416267942583765,0.01328416849157854,3.3572671597825225,False,up,
2025-02-01,251.885,2025,2,2020,98.69386427708024,1.3829800079694365,-1.4677061614711495,3.2670641630040054,False,up,
2025-03-01,252.995,2025,3,2020,99.12878572674005,0.4406772932092018,0.825349508217621,3.220885077133883,False,flat,
2025-04-01,253.324,2025,4,2020,99.25769487713471,0.13004209569358327,1.8842579000076354,3.2047265531365223,False,flat,
2025-05-01,248.027,2025,5,2020,97.18221837366806,-2.0909980894033064,1.2028774395195008,3.240722078379779,False,down,
2025-06-01,266.523,2025,6,2020,104.42934191682815,7.4572526378176685,0.33542645464401666,3.030257103878611,True,up,
2025-07-01,282.385,2025,7,2020,110.64440861457928,5.951456347106987,5.553831949672361,3.4759425817812035,True,up,
2025-08-01,286.234,2025,8,2020,112.15252812785907,1.363032738991099,7.015366209294482,3.4798226945276114,False,up,
2025-09-01,276.556,2025,9,2020,108.3604832721766,-3.381149688716223,3.3440829275766193,3.6669752573904977,True,down,
2025-10-01,266.51,2025,10,2020,104.42424824219248,-3.6325373522903104,5.089036450529161,3.469894792448146,True,down,
2025-11-01,259.141,2025,11,2020,101.53691836602756,-2.7649994371693243,5.570606232202291,3.4292884694858072,False,down,
2025-12-01,260.874,2025,12,2020,102.215944377073,0.668747901721467,5.779742113372799,3.4295804847510576,False,up,
2026-01-01,258.636,2026,1,2020,101.33904869748864,-0.8578854159479232,4.100237875781354,3.4512903783367044,False,down,
2026-02-01,260.077,2026,2,2020,101.90366293979474,0.5571536831686208,3.2522778251980133,3.4378734830180697,False,up,
2026-03-01,255.511,2026,3,2020,100.11460767930225,-1.7556339084194295,0.994486057036692,3.488952907743244,False,down,
